ST,STATE,ST_ABBR,STCNTY,COUNTY,FIPS,LOCATION,AREA_SQMI,E_TOTPOP,M_TOTPOP,E_HU,M_HU,E_HH,M_HH,E_POV150,M_POV150,E_UNEMP,M_UNEMP,E_HBURD,M_HBURD,E_NOHSDP,M_NOHSDP,E_UNINSUR,M_UNINSUR,E_AGE65,M_AGE65,E_AGE17,M_AGE17,E_DISABL,M_DISABL,E_SNGPNT,M_SNGPNT,E_LIMENG,M_LIMENG,E_MINRTY,M_MINRTY,E_MUNIT,M_MUNIT,E_MOBILE,M_MOBILE,E_CROWD,M_CROWD,E_NOVEH,M_NOVEH,E_GROUPQ,M_GROUPQ,EP_POV150,MP_POV150,EP_UNEMP,MP_UNEMP,EP_HBURD,MP_HBURD,EP_NOHSDP,MP_NOHSDP,EP_UNINSUR,MP_UNINSUR,EP_AGE65,MP_AGE65,EP_AGE17,MP_AGE17,EP_DISABL,MP_DISABL,EP_SNGPNT,MP_SNGPNT,EP_LIMENG,MP_LIMENG,EP_MINRTY,MP_MINRTY,EP_MUNIT,MP_MUNIT,EP_MOBILE,MP_MOBILE,EP_CROWD,MP_CROWD,EP_NOVEH,MP_NOVEH,EP_GROUPQ,MP_GROUPQ,EPL_POV150,EPL_UNEMP,EPL_HBURD,EPL_NOHSDP,EPL_UNINSUR,SPL_THEME1,RPL_THEME1,EPL_AGE65,EPL_AGE17,EPL_DISABL,EPL_SNGPNT,EPL_LIMENG,SPL_THEME2,RPL_THEME2,EPL_MINRTY,SPL_THEME3,RPL_THEME3,EPL_MUNIT,EPL_MOBILE,EPL_CROWD,EPL_NOVEH,EPL_GROUPQ,SPL_THEME4,RPL_THEME4,SPL_THEMES,OverallSVI,F_POV150,F_UNEMP,F_HBURD,F_NOHSDP,F_UNINSUR,F_THEME1,F_AGE65,F_AGE17,F_DISABL,F_SNGPNT,F_LIMENG,F_THEME2,F_MINRTY,F_THEME3,F_MUNIT,F_MOBILE,F_CROWD,F_NOVEH,F_GROUPQ,F_THEME4,F_TOTAL,E_DAYPOP,E_NOINT,M_NOINT,E_AFAM,M_AFAM,E_HISP,M_HISP,E_ASIAN,M_ASIAN,E_AIAN,M_AIAN,E_NHPI,M_NHPI,E_TWOMORE,M_TWOMORE,E_OTHERRACE,M_OTHERRACE,EP_NOINT,MP_NOINT,EP_AFAM,MP_AFAM,EP_HISP,MP_HISP,EP_ASIAN,MP_ASIAN,EP_AIAN,MP_AIAN,EP_NHPI,MP_NHPI,EP_TWOMORE,MP_TWOMORE,EP_OTHERRACE,MP_OTHERRACE,GeoLevel,Comparison,STATE_NAME,STATE_ABBR,COUNTY_FIPS,COUNTY_NAME
37,North Carolina,NC,37063,Durham County,37063000101,Census Tract 1.01; Durham County; North Carolina,1.301288065,3845,792,1464,195,1464,195,831,291,126,116,420,129,162,72,591,253,299,70,618,207,760,254,91,64,86,92,2636,837,0,19,0,14,10,19,206,91,31,4,21.7,6.1,5.2,4.8,28.7,7.9,5.5,2.7,15.4,6.6,7.8,2.2,16.1,5.1,19.8,6,6.2,4.3,2.4,2.5,68.6,16.6,0,1.3,0,2.9,0.7,1.3,14.1,6.3,0.8,0.2,0.4941,0.5914,0.6641,0.2866,0.796,2.8322,0.6129,0.0952,0.199,0.8335,0.5513,0.7077,2.3867,0.4551,0.8512,0.8512,0.8512,0,0,0.3665,0.9167,0.6945,1.9777,0.3548,8.0478,0.5659,0,0,0,0,0,0,0,0,0,0,0,0,0,0,0,0,0,1,0,1,1,2056,70,47,2075,765,397,188,23,32,11,19,0,14,130,86,0,14,4.8,3.2,54,10.3,10.3,5.3,0.6,0.8,0.3,0.5,0,1.1,3.4,2.3,0,1.1,Census,State,North Carolina,NC,37063,Durham County
37,North Carolina,NC,37063,Durham County,37063000102,Census Tract 1.02; Durham County; North Carolina,1.54372653,3710,406,1762,124,1581,137,1131,292,0,14,499,162,468,164,626,255,323,67,861,214,376,140,86,63,408,207,2363,485,439,162,5,8,46,51,186,112,16,9,30.6,7.1,0,2,31.6,9.9,17.8,5.7,16.9,6.3,8.7,2.1,23.2,4.4,10.2,3.9,5.5,4,11.6,5.8,63.7,11.1,24.9,9,0.3,0.5,2.9,2.9,11.8,6.8,0.4,0.2,0.7194,0,0.7312,0.8108,0.8512,3.1126,0.7004,0.1182,0.6375,0.2835,0.4938,0.9732,2.5062,0.5187,0.8214,0.8214,0.8214,0.8698,0.2275,0.7024,0.8773,0.5952,3.2722,0.8785,9.7124,0.7795,0,0,0,0,0,0,0,0,0,0,1,1,0,0,0,0,0,0,0,0,1,4184,93,81,1088,443,889,413,77,66,0,14,0,14,260,174,49,75,5.9,5,29.3,10.7,24,10.7,2.1,1.8,0,1.1,0,1.1,7,4.7,1.3,2,Census,State,North Carolina,NC,37063,Durham County
37,North Carolina,NC,37063,Durham County,37063000200,Census Tract 2; Durham County; North Carolina,1.166480165,3381,666,1263,221,1100,196,1065,487,105,87,275,139,379,173,1046,339,205,46,615,219,375,170,45,57,535,273,1972,734,214,146,0,14,40,47,63,52,362,29,31.6,13,5.2,4.1,25,11.8,15.2,6.8,31,8.6,6.1,1.5,18.2,4.3,11.1,5.3,4.1,5.1,16.9,7.9,58.3,18.4,16.9,11.2,0,3.3,3.6,3.7,5.7,4.8,10.7,2.3,0.7357,0.5914,0.5312,0.7198,0.9917,3.5698,0.8258,0.0574,0.298,0.3395,0.3586,0.989,2.0425,0.262,0.7768,0.7768,0.7768,0.81,0,0.7709,0.6357,0.9411,3.1577,0.8395,9.5468,0.7633,0,0,0,0,1,1,0,0,0,0,1,1,0,0,0,0,0,0,1,1,3,3600,85,63,830,309,850,361,98,103,5,14,0,14,189,161,0,14,7.7,6,24.5,7.8,25.1,9.7,2.9,2.8,0.1,0.4,0,1.2,5.6,4.3,0,1.2,Census,State,North Carolina,NC,37063,Durham County
37,North Carolina,NC,37063,Durham County,37063000301,Census Tract 3.01; Durham County; North Carolina,0.612494838,2917,444,1670,332,1612,329,697,316,54,59,520,263,130,92,428,281,331,167,298,141,208,93,25,34,87,82,1403,539,147,76,4,8,18,26,179,173,13,2,24,10.2,2.7,2.8,32.3,14.9,5.4,3.9,14.7,8.4,11.3,5.5,10.2,4.4,7.2,3.2,1.6,2.1,3.2,2.9,48.1,17,8.8,4.2,0.2,0.5,1.1,1.5,11.1,10,0.4,0,0.554,0.2823,0.7467,0.2783,0.7691,2.6304,0.5439,0.2137,0.0559,0.1366,0.139,0.7764,1.3216,0.0481,0.6832,0.6832,0.6832,0.7051,0.2222,0.4423,0.8648,0.5952,2.8296,0.7236,7.4648,0.467,0,0,0,0,0,0,0,0,0,0,0,0,0,0,0,0,0,0,0,0,0,2104,254,176,745,287,341,212,21,24,0,14,0,14,296,194,0,14,15.8,9.9,25.5,8.4,11.7,6.8,0.7,0.8,0,1.4,0,1.4,10.1,6.3,0,1.4,Census,State,North Carolina,NC,37063,Durham County
37,North Carolina,NC,37063,Durham County,37063000302,Census Tract 3.02; Durham County; North Carolina,0.664925559,3662,404,1704,202,1607,180,715,323,23,22,461,210,168,125,346,218,276,59,844,206,182,95,179,137,193,200,1100,515,193,137,0,14,40,44,132,130,8,2,19.6,8.6,1,0.9,28.7,12.7,6.6,4.7,9.4,5.5,7.5,1.7,23,4.2,5,2.6,11.1,8.4,5.8,6,30,13.7,11.4,7.9,0,2.5,2.5,2.6,8.2,7.6,0.2,0,0.4419,0.0923,0.6641,0.3455,0.4663,2.0101,0.3348,0.0891,0.6224,0.0519,0.8156,0.8939,2.4729,0.5032,0.463,0.463,0.463,0.746,0,0.6641,0.7675,0.4762,2.6538,0.6513,7.5998,0.4905,0,0,0,0,0,0,0,0,0,0,0,0,0,0,0,0,0,0,0,0,0,1684,117,68,219,146,512,269,116,75,0,14,0,14,253,257,0,14,7.3,4.3,6,3.9,14,6.8,3.2,2.1,0,1.2,0,1.2,6.9,6.8,0,1.2,Census,State,North Carolina,NC,37063,Durham County
37,North Carolina,NC,37063,Durham County,37063000401,Census Tract 4.01; Durham County; North Carolina,1.327080065,2551,250,1200,128,1163,118,392,221,76,79,162,100,71,83,247,144,482,106,576,160,231,125,33,37,30,65,489,333,0,19,0,14,0,19,4,9,19,3,15.4,8.5,4.9,5.2,13.9,8.5,3.8,4.3,9.7,5.2,18.9,4,22.6,4.7,9.1,4.8,2.8,3.2,1.3,2.7,19.2,12.9,0,1.6,0,3.5,0,1.6,0.3,0.8,0.7,0.1,0.3253,0.5645,0.1363,0.19,0.4849,1.701,0.2527,0.6125,0.5921,0.2214,0.2442,0.5521,2.2223,0.3601,0.2855,0.2855,0.2855,0,0,0,0.0825,0.6794,0.7619,0.05,4.9707,0.1216,0,0,0,0,0,0,0,0,0,0,0,0,0,0,0,0,0,0,0,0,0,3166,40,48,87,76,246,196,67,53,0,14,9,14,50,55,30,28,3.4,3.9,3.4,3,9.6,7.2,2.6,2,0,1.6,0.4,0.6,2,2.2,1.2,1.1,Census,State,North Carolina,NC,37063,Durham County
37,North Carolina,NC,37063,Durham County,37063000402,Census Tract 4.02; Durham County; North Carolina,0.461727413,2653,378,1800,200,1645,202,999,239,50,54,761,207,53,37,290,155,169,59,167,72,104,61,32,51,37,56,937,505,911,121,0,14,7,17,163,63,0,14,37.7,7.2,3.2,3.4,46.3,11.2,2.5,1.8,10.9,5.5,6.4,2.4,6.3,2.7,3.9,2.3,1.9,3.1,1.4,2.2,35.3,18.4,50.6,3.7,0,2.3,0.4,0.9,9.9,4,0,0.5,0.8425,0.3507,0.9406,0.1322,0.5659,2.8319,0.6121,0.0638,0.0257,0.0291,0.1647,0.5702,0.8535,0.0193,0.5415,0.5415,0.5415,0.9682,0,0.3048,0.8289,0,2.1019,0.4078,6.3288,0.2902,0,0,1,0,0,1,0,0,0,0,0,0,0,0,1,0,0,0,0,1,2,4209,120,87,136,93,235,129,355,153,13,23,0,14,143,113,55,52,7.3,5.3,5.1,3.4,8.9,4.8,13.4,5.8,0.5,0.8,0,1.6,5.4,4,2.1,1.9,Census,State,North Carolina,NC,37063,Durham County
37,North Carolina,NC,37063,Durham County,37063000500,Census Tract 5; Durham County; North Carolina,0.835224727,4432,647,1758,175,1523,176,1557,461,72,55,720,190,404,143,428,298,493,122,753,299,447,168,96,52,206,172,2778,729,511,126,27,45,76,59,381,150,732,18,42,10,3.6,3,47.3,11.2,16.1,5.4,10.2,6.8,11.1,3.1,17,4.9,10.6,4.1,6.3,3.3,4.9,4.1,62.7,13.7,29,6.6,1.5,2.5,5,3.3,25,8.6,16.5,2.4,0.8872,0.4007,0.9481,0.7508,0.5204,3.5072,0.8121,0.2047,0.2364,0.3077,0.5585,0.8716,2.1789,0.3378,0.8142,0.8142,0.8142,0.8948,0.3206,0.8584,0.9765,0.9607,4.011,0.992,10.5113,0.8723,0,0,1,0,0,1,0,0,0,0,0,0,0,0,0,0,0,1,1,2,3,5577,177,83,1826,634,492,330,319,203,43,62,0,14,98,62,0,14,11.6,5.2,41.2,10.7,11.1,7.2,7.2,4.5,1,1.4,0,1,2.2,1.4,0,1,Census,State,North Carolina,NC,37063,Durham County
37,North Carolina,NC,37063,Durham County,37063000600,Census Tract 6; Durham County; North Carolina,2.749763618,4724,624,2587,458,2327,455,716,343,6,23,644,344,266,162,664,348,497,95,760,228,368,179,24,43,224,200,1773,791,546,319,0,14,38,57,130,114,265,22,15.2,7,0.2,0.8,27.7,13.8,7.3,4.3,14.1,6.7,10.5,2.5,16.1,4.2,7.8,4,1,1.8,5,4.4,37.5,16,21.2,11.7,0,1.6,1.6,2.2,5.6,4.6,5.6,0.9,0.32,0.042,0.6304,0.3807,0.7475,2.1206,0.3727,0.1835,0.199,0.1639,0.0928,0.8746,1.5138,0.0825,0.5714,0.5714,0.5714,0.8478,0,0.5214,0.6312,0.9101,2.9105,0.7516,7.1163,0.4189,0,0,0,0,0,0,0,0,0,0,0,0,0,0,0,0,0,0,1,1,1,4455,249,277,625,345,322,313,245,161,33,48,0,14,548,259,0,14,10.7,11.3,13.2,7,6.8,6.4,5.2,3.4,0.7,1,0,0.9,11.6,5.3,0,0.9,Census,State,North Carolina,NC,37063,Durham County
37,North Carolina,NC,37063,Durham County,37063000700,Census Tract 7; Durham County; North Carolina,1.300413158,3965,556,2196,158,2084,163,743,208,31,30,580,169,166,106,182,104,542,113,755,279,698,158,62,58,0,56,1329,761,1074,172,0,14,30,36,358,133,24,3,18.9,4.6,1.4,1.3,27.8,7.8,5.8,3.7,4.6,2.7,13.7,3.1,19,4.9,17.6,4.7,3,2.8,0,1.5,33.5,18.6,48.9,7,0,1.9,1.4,1.6,17.2,6.2,0.6,0.1,0.4211,0.1313,0.6346,0.301,0.1597,1.6477,0.2375,0.3293,0.3505,0.7385,0.2594,0,1.6777,0.1234,0.5189,0.5189,0.5189,0.9637,0,0.4896,0.9451,0.6567,3.0551,0.8005,6.8994,0.3795,0,0,0,0,0,0,0,0,0,0,0,0,0,0,1,0,0,1,0,2,2,4178,268,124,769,206,209,137,99,61,0,14,0,14,241,147,11,21,12.9,5.7,19.4,5.9,5.3,3.3,2.5,1.5,0,1.1,0,1.1,6.1,3.6,0.3,0.5,Census,State,North Carolina,NC,37063,Durham County
37,North Carolina,NC,37063,Durham County,37063000900,Census Tract 9; Durham County; North Carolina,0.395962273,1853,324,915,158,767,164,728,204,20,31,203,77,357,157,632,206,107,20,381,119,126,56,103,59,204,145,1557,337,43,61,0,14,0,19,119,66,9,4,39.9,8.9,1.8,3,26.5,8.3,28.2,9.9,34.1,8.8,5.8,1.4,20.6,5.6,6.8,3,13.5,7.1,11.8,8.1,84,10.7,4.7,6.6,0,4.5,0,2.1,15.5,8.4,0.5,0.2,0.8679,0.1722,0.5888,0.9694,0.9951,3.5934,0.8307,0.0502,0.4528,0.117,0.8868,0.9739,2.4807,0.507,0.9392,0.9392,0.9392,0.6177,0,0,0.9326,0.6269,2.1772,0.4415,9.1905,0.7227,0,0,0,1,1,2,0,0,0,0,1,1,1,1,0,0,0,1,0,1,5,843,159,125,723,173,674,269,23,21,0,14,53,81,66,47,18,28,20.7,13.3,39,8.2,36.4,10.9,1.2,1.2,0,2.3,2.9,4.5,3.6,2.5,1,1.5,Census,State,North Carolina,NC,37063,Durham County
37,North Carolina,NC,37063,Durham County,37063001001,Census Tract 10.01; Durham County; North Carolina,0.882212954,3378,490,1559,169,1380,179,1373,470,202,141,556,170,576,225,992,382,424,147,816,321,512,235,140,90,315,201,2519,573,37,41,0,14,165,131,105,78,10,2,40.6,12.6,12.5,8.3,40.3,11.2,24.4,9.2,29.4,9.2,12.6,4.2,24.2,7.8,15.2,6.7,10.2,6.4,10,6.2,74.6,13.1,2.4,2.6,0,2.7,12,8.3,7.6,5.7,0.3,0,0.875,0.9368,0.8822,0.9384,0.9856,4.618,0.9917,0.2685,0.6949,0.5999,0.7811,0.9569,3.3013,0.8951,0.8852,0.8852,0.8852,0.5299,0,0.9856,0.7414,0.5427,2.7996,0.7092,11.6041,0.9534,0,1,0,1,1,3,0,0,0,0,1,1,0,0,0,0,1,0,0,1,5,3473,183,90,1258,341,1088,426,50,57,0,14,0,14,123,98,0,14,13.3,6.3,37.2,9.7,32.2,10.4,1.5,1.7,0,1.2,0,1.2,3.6,2.8,0,1.2,Census,State,North Carolina,NC,37063,Durham County
37,North Carolina,NC,37063,Durham County,37063001002,Census Tract 10.02; Durham County; North Carolina,1.292983397,5501,1075,2172,216,1902,243,2830,834,143,121,690,220,1086,396,1628,684,341,204,1903,659,457,234,159,100,1147,403,4840,1105,114,107,0,19,282,195,423,181,32,3,51.4,11.4,5.1,4.3,36.3,10.6,33.5,10.5,29.7,10.3,6.2,3.7,34.6,6.9,8.3,4.3,8.4,5.1,23.1,6.9,88,10.4,5.2,4.9,0,1.9,14.8,8.9,22.2,9.2,0.6,0.1,0.9489,0.5823,0.8251,0.989,0.986,4.3313,0.961,0.0585,0.977,0.1885,0.6876,0.9981,2.9097,0.7315,0.9585,0.9585,0.9585,0.6298,0,0.9947,0.969,0.6567,3.2502,0.8694,11.4497,0.9409,1,0,0,1,1,3,0,1,0,0,1,2,1,1,0,0,1,1,0,2,8,2459,227,125,1694,375,2712,945,47,75,0,19,0,19,312,212,75,89,11.9,6.9,30.8,7,49.3,10.7,0.9,1.4,0,0.8,0,0.8,5.7,3.6,1.4,1.6,Census,State,North Carolina,NC,37063,Durham County
37,North Carolina,NC,37063,Durham County,37063001100,Census Tract 11; Durham County; North Carolina,0.539006886,3191,613,1432,142,1164,138,1642,390,134,93,487,149,559,176,734,295,407,115,698,299,633,202,166,99,339,179,2702,627,561,122,9,14,100,73,473,130,399,24,52,7.1,10.3,6.9,41.8,11.8,24.7,6.4,23,7.7,12.8,3.6,21.9,6.5,19.9,7.3,14.3,8.3,11.8,5.9,84.7,11,39.2,7.6,0.6,0.9,8.6,5,40.6,9.8,12.5,2.5,0.9549,0.8891,0.9038,0.9415,0.9534,4.6427,0.9947,0.2813,0.5412,0.8376,0.9099,0.9739,3.5439,0.9534,0.9434,0.9434,0.9434,0.9394,0.2509,0.9633,0.9962,0.9505,4.1003,0.9962,13.2303,0.9989,1,0,1,1,1,4,0,0,0,1,1,2,1,1,1,0,1,1,1,4,11,2116,312,115,1955,576,681,310,42,64,7,26,0,14,17,29,0,14,26.8,9,61.3,9.6,21.3,9.2,1.3,2,0.2,0.8,0,1.3,0.5,0.9,0,1.3,Census,State,North Carolina,NC,37063,Durham County
37,North Carolina,NC,37063,Durham County,37063001301,Census Tract 13.01; Durham County; North Carolina,0.28866723,1876,388,984,185,828,196,1042,312,47,43,293,98,253,141,464,215,196,58,463,218,230,82,64,49,83,98,1592,429,139,70,0,14,29,32,206,71,7,3,55.5,12,5.4,5,35.4,8.4,22.1,10.8,25.1,9,10.4,3.6,24.7,8.7,12.4,4.4,7.7,5.6,4.6,5.4,84.9,14.6,14.1,6.6,0,4.2,3.5,3.2,24.9,9.8,0.4,0.1,0.9708,0.611,0.8042,0.9037,0.9693,4.259,0.9553,0.1801,0.7247,0.4167,0.6528,0.8573,2.8316,0.6929,0.9464,0.9464,0.9464,0.7812,0,0.7633,0.9761,0.5952,3.1158,0.8243,11.1528,0.9235,1,0,0,1,1,3,0,0,0,0,0,0,1,1,0,0,0,1,0,1,5,671,137,68,1098,311,398,243,0,14,41,54,0,14,8,13,47,70,16.5,8.7,58.5,12.4,21.2,11.3,0,2.2,2.2,2.9,0,2.2,0.4,0.7,2.5,3.8,Census,State,North Carolina,NC,37063,Durham County
37,North Carolina,NC,37063,Durham County,37063001303,Census Tract 13.03; Durham County; North Carolina,0.588999373,4495,677,873,116,733,131,805,368,201,119,257,88,101,66,248,172,414,181,461,235,255,75,118,73,20,58,3515,745,11,16,10,15,26,42,77,37,2346,52,37.2,12.5,10.2,4.9,35.1,10.2,7.2,4.8,5.5,3.3,9.2,3.1,10.3,4.8,5.7,1.8,16.1,9.5,0.5,1.4,78.2,11.7,1.3,1.8,1.1,1.8,3.5,4.8,10.5,5.5,52.2,7.9,0.8349,0.8869,0.8001,0.3773,0.2101,3.1093,0.6989,0.1386,0.0582,0.0772,0.9371,0.3625,1.5736,0.0966,0.912,0.912,0.912,0.469,0.2979,0.7633,0.8485,0.9898,3.3685,0.9046,8.9634,0.6943,0,0,0,0,0,0,0,0,0,1,0,1,1,1,0,0,0,0,1,1,3,8668,108,55,2667,575,425,294,266,371,7,11,0,14,150,109,0,14,14.7,7.6,59.3,7.1,9.5,6.3,5.9,8.2,0.2,0.2,0,0.9,3.3,2.5,0,0.9,Census,State,North Carolina,NC,37063,Durham County
37,North Carolina,NC,37063,Durham County,37063001304,Census Tract 13.04; Durham County; North Carolina,0.659916272,2426,321,1197,108,1105,131,1181,343,99,77,394,130,471,205,511,186,420,101,578,148,422,179,87,69,190,120,2090,348,150,88,14,24,34,45,324,111,59,5,48.8,12.6,8.9,7,35.7,11,28.6,9.8,21.1,6.5,17.3,4.3,23.8,4.6,17.4,7,7.9,6.2,8.5,5.3,86.2,8.7,12.5,7.3,1.2,2,3.1,3.7,29.3,9.1,2.4,0.4,0.9356,0.8381,0.8084,0.9732,0.9345,4.4898,0.978,0.5287,0.6718,0.7286,0.6634,0.9426,3.5351,0.9515,0.952,0.952,0.952,0.7612,0.3024,0.7255,0.9864,0.8248,3.6003,0.9618,12.5772,0.9913,1,0,0,1,1,3,0,0,0,0,1,1,1,1,0,0,0,1,0,1,6,1704,233,109,1408,304,582,281,0,14,0,14,0,14,36,59,64,112,21.1,9.3,58,10.3,24,11.3,0,1.7,0,1.7,0,1.7,1.5,2.4,2.6,4.5,Census,State,North Carolina,NC,37063,Durham County
37,North Carolina,NC,37063,Durham County,37063001400,Census Tract 14; Durham County; North Carolina,0.732423139,2984,753,1387,374,1248,384,1309,525,123,117,268,181,416,131,538,248,234,149,1003,399,385,225,234,129,257,188,2721,805,122,102,46,54,121,89,197,132,6,4,43.9,13.7,8.7,8.2,21.5,12.9,23.3,8.6,18,8.1,7.8,4.9,33.6,9.2,12.9,7.5,18.8,8.6,9.8,6.7,91.2,14.1,8.8,7,3.3,4,9.7,5.9,15.8,10.8,0.2,0.1,0.9072,0.829,0.3889,0.9233,0.877,3.9254,0.8989,0.0952,0.9702,0.4527,0.9716,0.9547,3.4444,0.9349,0.9705,0.9705,0.9705,0.7051,0.4156,0.9739,0.9364,0.4762,3.5072,0.9413,11.8475,0.967,1,0,0,1,0,2,0,1,0,1,1,3,1,1,0,0,1,1,0,2,8,4039,79,78,2158,635,563,315,0,14,0,14,0,14,0,14,0,14,6.3,6.9,72.3,12.7,18.9,10.2,0,1.4,0,1.4,0,1.4,0,1.4,0,1.4,Census,State,North Carolina,NC,37063,Durham County
37,North Carolina,NC,37063,Durham County,37063001501,Census Tract 15.01; Durham County; North Carolina,1.057453069,3304,60,18,19,7,8,11,13,51,42,4,24,0,14,152,114,0,14,4,10,65,70,0,19,0,56,1798,228,3,14,0,14,0,19,3,5,3293,59,100,0,4.2,3.8,57.1,100,0,74,4.6,3.4,0,1.3,0.1,0.3,2,2.1,0,100,0,1.7,54.4,6.8,16.7,75.8,0,79.9,0,100,42.9,57.1,99.7,2.5,0.9996,0.4862,0.9902,0,0.1597,2.6357,0.547,0,0.0038,0.0061,0,0,0.0099,0.0011,0.7443,0.7443,0.7443,0.807,0,0,0.9973,0.9974,2.8017,0.71,6.1916,0.2644,1,0,1,0,0,2,0,0,0,0,0,0,0,0,0,0,0,1,1,2,4,49996,3,5,628,191,348,142,761,238,10,18,0,14,51,39,0,14,42.9,57.1,19,5.7,10.5,4.3,23,7.3,0.3,0.5,0,1.3,1.5,1.2,0,1.3,Census,State,North Carolina,NC,37063,Durham County
37,North Carolina,NC,37063,Durham County,37063001503,Census Tract 15.03; Durham County; North Carolina,0.173564046,1750,45,3,6,0,14,0,14,3,8,0,28,0,14,52,83,0,14,4,10,26,30,0,19,0,56,897,145,3,15,0,14,0,19,0,14,1750,45,-999,-999,0.6,1.6,-999,-999,0,100,3,4.7,0,2.4,0.2,0.6,1.5,1.7,-999,-999,0,3.2,51.3,8.2,100,100,0,100,-999,-999,-999,-999,100,0,-999,0.0594,-999,0,0.0802,-999,-999,0,0.0042,0.0045,-999,0,-999,-999,0.7179,0.7179,0.7179,1,0,-999,-999,0.9977,-999,-999,-999,-999,-999,0,-999,0,0,-999,0,0,0,-999,0,-999,0,0,1,0,-999,-999,1,-999,-999,7418,0,14,217,101,143,106,497,104,15,21,0,14,20,23,5,12,-999,-999,12.4,5.9,8.2,6,28.4,6,0.9,1.2,0,2.4,1.1,1.3,0.3,0.7,Census,State,North Carolina,NC,37063,Durham County
37,North Carolina,NC,37063,Durham County,37063001504,Census Tract 15.04; Durham County; North Carolina,0.539828897,2332,376,1446,154,1217,173,1329,395,139,142,620,189,427,201,293,184,89,40,263,129,216,130,118,63,171,165,1791,413,618,176,17,30,109,80,162,84,72,3,58.8,14.5,10.3,10.2,50.9,13.7,29.9,12.5,12.9,6.7,3.8,1.8,11.3,4.3,9.5,6.1,9.7,5,7.3,7,76.8,12.7,42.8,11.3,1.2,2.1,9,5.4,13.3,6.2,3.1,0.5,0.9761,0.8891,0.9652,0.9773,0.6858,4.4935,0.9784,0.0261,0.0721,0.246,0.7603,0.9218,2.0263,0.2533,0.9037,0.9037,0.9037,0.9497,0.3024,0.9667,0.9034,0.8573,3.9795,0.9909,11.403,0.9386,1,0,1,1,0,3,0,0,0,0,1,1,1,1,1,0,1,1,0,3,8,1497,55,48,602,240,452,341,564,201,16,27,0,14,140,116,17,30,4.5,3.9,25.8,9.7,19.4,12.7,24.2,7.9,0.7,1.2,0,1.8,6,5.1,0.7,1.3,Census,State,North Carolina,NC,37063,Durham County
37,North Carolina,NC,37063,Durham County,37063001505,Census Tract 15.05; Durham County; North Carolina,0.442547796,3537,583,2252,311,1913,339,2013,617,99,107,907,259,261,141,588,311,285,85,585,276,141,57,62,64,192,151,2710,628,1934,339,0,14,60,55,500,195,199,8,60.2,15.2,5.1,5.3,47.4,10.6,13.6,8,17.6,7.7,8.1,2.7,16.5,6.1,4.2,1.9,3.2,3.3,6.4,4.9,76.6,12.5,85.8,9.3,0,1.9,3.1,2.4,26.1,9.4,5.6,1,0.9822,0.5823,0.9489,0.6639,0.8687,4.046,0.9205,0.1005,0.2137,0.0352,0.2783,0.9079,1.5356,0.0875,0.9026,0.9026,0.9026,0.9962,0,0.7255,0.9796,0.9101,3.6114,0.9633,10.0956,0.8212,1,0,1,0,0,2,0,0,0,0,1,1,1,1,1,0,0,1,1,3,7,11209,277,210,1216,474,616,402,782,321,0,14,0,14,96,117,0,14,14.5,9.6,34.4,11.3,17.4,10.4,22.1,8.4,0,1.2,0,1.2,2.7,3.3,0,1.2,Census,State,North Carolina,NC,37063,Durham County
37,North Carolina,NC,37063,Durham County,37063001601,Census Tract 16.01; Durham County; North Carolina,10.19818587,5395,503,2167,116,2072,141,705,341,118,90,419,175,255,140,694,384,1222,146,993,304,520,147,86,74,95,120,2530,699,35,58,26,29,0,26,59,55,148,5,13.4,6.3,4.4,3.3,20.2,8.3,6.5,3.5,13.1,6.8,22.7,3.1,18.4,4.6,9.8,2.7,4.2,3.6,1.8,2.3,46.9,12.2,1.6,2.7,1.2,1.3,0,1.2,2.8,2.6,2.7,0.3,0.2654,0.5119,0.3472,0.3391,0.6961,2.1597,0.3864,0.7768,0.3127,0.2619,0.3692,0.6371,2.3577,0.4385,0.6688,0.6688,0.6688,0.4909,0.3024,0,0.3877,0.841,2.022,0.3733,7.2082,0.4322,0,0,0,0,0,0,0,0,0,0,0,0,0,0,0,0,0,0,0,0,0,3102,237,118,1721,311,253,232,191,198,0,19,0,19,365,218,0,19,11.4,5.6,31.9,5.4,4.7,4.2,3.5,3.7,0,0.8,0,0.8,6.8,4.1,0,0.8,Census,State,North Carolina,NC,37063,Durham County
37,North Carolina,NC,37063,Durham County,37063001603,Census Tract 16.03; Durham County; North Carolina,9.927639567,7310,1137,3155,495,3099,499,710,352,91,85,705,342,324,269,282,170,1171,143,1853,501,651,169,361,310,15,80,2104,1572,0,26,83,81,88,107,55,53,5,8,9.7,4.6,2.3,2.1,22.7,10.4,6.4,5.1,3.9,2.3,16,3,25.3,3.9,8.9,2.5,11.6,9.8,0.2,1.2,28.8,21,0,0.8,2.6,2.5,2.8,3.4,1.8,1.7,0.1,0.1,0.1621,0.2319,0.4381,0.3342,0.1257,1.292,0.1527,0.4502,0.7583,0.2127,0.8357,0.2662,2.5231,0.5312,0.4441,0.4441,0.4441,0,0.3804,0.6948,0.2688,0.3841,1.7281,0.2605,5.9873,0.242,0,0,0,0,0,0,0,0,0,0,0,0,0,0,0,0,0,0,0,0,0,5771,155,81,1294,363,330,192,87,102,35,53,1,2,333,278,24,37,5,2.6,17.7,5.1,4.5,2.7,1.2,1.4,0.5,0.7,0,0.1,4.6,3.8,0.3,0.5,Census,State,North Carolina,NC,37063,Durham County
37,North Carolina,NC,37063,Durham County,37063001604,Census Tract 16.04; Durham County; North Carolina,9.530599683,6722,930,3019,350,2865,349,780,422,63,69,619,295,278,209,347,192,1976,338,1062,391,699,273,42,62,261,208,2975,1102,19,37,64,74,0,26,66,56,10,2,11.6,6.1,2.1,2.2,21.6,10,5.3,4.1,5.2,2.9,29.4,6,15.8,4.9,10.4,4.1,1.5,2.2,4.1,3.2,44.3,15.2,0.6,1.2,2.1,2.4,0,0.9,2.3,1.9,0.1,0,0.2173,0.2089,0.3923,0.2704,0.1945,1.2834,0.1515,0.9199,0.185,0.293,0.131,0.8327,2.3616,0.4415,0.6431,0.6431,0.6431,0.4065,0.3569,0,0.3343,0.3841,1.4818,0.1821,5.7699,0.2095,0,0,0,0,0,0,1,0,0,0,0,1,0,0,0,0,0,0,0,0,1,2107,307,169,1677,710,777,483,13,20,0,19,0,19,428,321,80,87,10.7,5.5,24.9,8.6,11.6,7.1,0.2,0.3,0,0.6,0,0.6,6.4,4.6,1.2,1.3,Census,State,North Carolina,NC,37063,Durham County
37,North Carolina,NC,37063,Durham County,37063001705,Census Tract 17.05; Durham County; North Carolina,2.872706602,5745,754,2639,244,2444,258,1474,745,76,65,869,309,343,138,733,295,1041,241,1297,465,881,315,151,80,255,180,2952,872,302,138,0,19,95,91,163,125,29,6,25.7,12.6,2.5,2.1,35.6,12.1,9,3.5,12.8,5.1,18.1,4.5,22.6,5.9,15.4,5.1,6.1,3.2,4.9,3.4,51.4,13.6,11.4,5.1,0,1.6,3.9,3.4,6.7,5,0.5,0.1,0.6032,0.2535,0.8058,0.4607,0.6809,2.8041,0.6027,0.5721,0.5921,0.6128,0.543,0.8716,3.1916,0.8588,0.7194,0.7194,0.7194,0.746,0,0.7952,0.6982,0.6269,2.8663,0.7376,9.5814,0.7674,0,0,0,0,0,0,0,0,0,0,0,0,0,0,0,0,0,0,0,0,0,6215,118,62,1296,368,1239,399,29,35,22,36,0,19,366,380,0,19,4.8,2.5,22.6,6.1,21.6,6.5,0.5,0.6,0.4,0.6,0,0.7,6.4,6.1,0,0.7,Census,State,North Carolina,NC,37063,Durham County
37,North Carolina,NC,37063,Durham County,37063001706,Census Tract 17.06; Durham County; North Carolina,2.278163191,5395,833,2878,296,2754,300,935,494,139,151,731,273,240,333,538,390,445,156,986,340,192,102,190,144,249,253,2831,926,471,181,0,19,132,184,162,102,0,19,17.3,8.8,3.9,4.1,26.5,9.5,6.3,8.3,10,6.4,8.2,3.1,18.3,4.4,3.6,2,6.9,5.2,4.9,4.9,52.5,15.1,16.4,6.1,0,1.5,4.8,6.4,5.9,3.8,0,0.4,0.3764,0.4431,0.5888,0.3278,0.5061,2.2422,0.4129,0.1039,0.3048,0.0235,0.6047,0.8716,1.9085,0.1999,0.7307,0.7307,0.7307,0.8043,0,0.8516,0.6479,0,2.3038,0.4994,7.1852,0.4273,0,0,0,0,0,0,0,0,0,0,0,0,0,0,0,0,0,0,0,0,0,1955,187,126,1534,394,712,602,434,220,0,19,0,19,151,110,0,19,6.8,4.6,28.4,6.9,13.2,9.8,8,4.2,0,0.8,0,0.8,2.8,2.1,0,0.8,Census,State,North Carolina,NC,37063,Durham County
37,North Carolina,NC,37063,Durham County,37063001708,Census Tract 17.08; Durham County; North Carolina,2.463481726,4947,948,2089,269,2012,264,1092,249,379,370,564,186,417,183,699,435,794,188,996,302,745,210,321,274,155,127,4304,965,324,162,16,24,39,67,246,115,15,3,22.1,2.7,14.7,11.8,28,8.5,12.5,5.6,14.1,6.9,16.1,5,20.1,3.3,15.1,3.9,16,13.5,3.2,2.6,87,10.1,15.5,7.5,0.8,1.2,1.9,3.2,12.2,5.9,0.3,0,0.5047,0.9671,0.6407,0.6205,0.7475,3.4805,0.8061,0.4573,0.4226,0.5931,0.9368,0.7764,3.1862,0.8557,0.9547,0.9547,0.9547,0.7941,0.2755,0.5721,0.8845,0.5427,3.0689,0.8092,10.6903,0.8883,0,1,0,0,0,1,0,0,0,1,0,1,1,1,0,0,0,0,0,0,3,1535,361,164,3501,989,543,186,142,110,0,14,0,14,118,137,0,14,17.9,8.4,70.8,7.7,11,4,2.9,2.2,0,0.9,0,0.9,2.4,2.8,0,0.9,Census,State,North Carolina,NC,37063,Durham County
37,North Carolina,NC,37063,Durham County,37063001709,Census Tract 17.09; Durham County; North Carolina,3.195730347,8069,1049,3121,295,2910,311,2136,805,334,263,1346,350,819,378,1491,703,1040,216,1902,508,1219,359,518,233,826,428,7504,1071,1099,381,6,15,45,68,294,179,350,10,27.8,9.8,7.7,6,46.3,11,15.7,7.3,19.3,8.3,12.9,3.3,23.6,5.4,15.8,4.7,17.8,7.8,10.8,5.4,93,5.5,35.2,11.7,0.2,0.5,1.5,2.2,10.1,6.3,4.3,0.6,0.6558,0.7749,0.9406,0.7409,0.9023,4.0145,0.9133,0.2847,0.6635,0.6419,0.9587,0.9683,3.5171,0.9489,0.9785,0.9785,0.9785,0.9228,0.2222,0.5059,0.8379,0.8931,3.3819,0.9091,11.892,0.9705,0,0,1,0,1,2,0,0,0,1,1,2,1,1,1,0,0,0,0,1,6,9227,611,298,4986,937,2007,731,55,57,0,19,0,19,456,393,0,19,21,9.4,61.8,8.6,24.9,8,0.7,0.7,0,0.5,0,0.5,5.7,4.8,0,0.5,Census,State,North Carolina,NC,37063,Durham County
37,North Carolina,NC,37063,Durham County,37063001710,Census Tract 17.10; Durham County; North Carolina,1.464364422,4864,633,1941,222,1885,230,1152,374,138,143,578,170,306,132,552,266,543,106,1381,340,398,190,371,127,317,156,3679,672,230,165,0,14,93,56,176,169,15,8,24,7.2,5.3,4.9,30.7,8.2,10.3,4.5,11.3,4.6,11.2,2.6,28.4,4.9,8.2,3.6,19.7,6.3,7,3.3,75.6,9.7,11.9,8.4,0,2.2,4.9,2.8,9.3,8.2,0.3,0.2,0.554,0.6005,0.7122,0.5219,0.5939,2.9825,0.6652,0.2096,0.8826,0.1847,0.9773,0.9177,3.1719,0.8478,0.8954,0.8954,0.8954,0.7536,0,0.8554,0.8111,0.5427,2.9628,0.7736,10.0126,0.8114,0,0,0,0,0,0,0,0,0,1,1,2,0,0,0,0,0,0,0,0,2,3099,114,86,2324,586,751,390,401,255,0,14,0,14,203,150,0,14,6,4.5,47.8,7.9,15.4,7.2,8.2,5.5,0,0.9,0,0.9,4.2,3.2,0,0.9,Census,State,North Carolina,NC,37063,Durham County
37,North Carolina,NC,37063,Durham County,37063001711,Census Tract 17.11; Durham County; North Carolina,1.49962094,4649,550,2582,336,2445,352,1727,471,46,70,1300,328,446,234,1142,368,330,124,946,398,563,300,262,164,349,176,3137,705,803,395,10,16,66,79,413,158,0,14,37.2,9.1,1.5,2.2,53.2,11,13.5,6.4,24.6,6.6,7.1,2.8,20.3,7.5,12.1,6.2,10.7,6.5,8,3.9,67.5,12.9,31.1,14.8,0.4,0.6,2.7,3,16.9,6.6,0,0.3,0.8349,0.1407,0.9784,0.659,0.9659,3.5789,0.8284,0.0785,0.4369,0.4016,0.8008,0.9369,2.6547,0.6002,0.8463,0.8463,0.8463,0.9069,0.2343,0.6853,0.944,0,2.7705,0.6956,9.8504,0.7985,0,0,1,0,1,2,0,0,0,0,1,1,0,0,1,0,0,1,0,2,5,3025,82,74,2272,477,776,354,32,126,0,14,0,14,57,66,0,14,3.4,3.1,48.9,8.2,16.7,7,0.7,2.8,0,0.9,0,0.9,1.2,1.4,0,0.9,Census,State,North Carolina,NC,37063,Durham County
37,North Carolina,NC,37063,Durham County,37063001712,Census Tract 17.12; Durham County; North Carolina,3.606389978,5204,1170,2373,502,2202,499,360,188,129,133,375,149,96,67,106,83,1136,217,1241,514,546,162,119,110,0,76,1131,1651,888,459,0,19,0,26,113,79,103,2,7,3.3,4.7,4.6,17,5.6,2.5,1.8,2.1,1.6,21.8,6.6,23.8,6.1,10.7,4.2,5.4,4.8,0,1.5,21.7,31.3,37.4,17.7,0,1.8,0,1.1,5.1,3.6,2,0.5,0.0947,0.5448,0.2348,0.1322,0.0416,1.0481,0.1019,0.7402,0.6718,0.313,0.4839,0,2.2089,0.3518,0.327,0.327,0.327,0.933,0,0,0.6077,0.7991,2.3398,0.5161,5.9238,0.233,0,0,0,0,0,0,0,0,0,0,0,0,0,0,1,0,0,0,0,1,1,3401,240,113,641,369,211,172,159,111,29,43,0,19,91,83,0,19,10.9,5.4,12.3,7,4.1,3.4,3.1,2.3,0.6,0.8,0,0.8,1.7,1.7,0,0.8,Census,State,North Carolina,NC,37063,Durham County
37,North Carolina,NC,37063,Durham County,37063001713,Census Tract 17.13; Durham County; North Carolina,2.634497113,3344,500,1446,164,1348,189,555,321,79,51,330,167,79,56,126,88,982,244,624,163,458,171,16,28,29,65,830,664,0,19,0,14,0,19,16,26,16,3,16.6,9.3,4.8,3.1,24.5,11.9,3.2,2.1,3.8,2.5,29.4,6.3,18.7,3.8,13.7,4.4,1.2,2.1,0.9,2.1,24.8,19.5,0,1.3,0,2.9,0,1.3,1.2,1.9,0.5,0,0.3586,0.5569,0.51,0.1658,0.1207,1.712,0.2553,0.9199,0.3304,0.5019,0.1125,0.4709,2.3356,0.4241,0.3829,0.3829,0.3829,0,0,0,0.1889,0.6269,0.8158,0.0587,5.2463,0.1489,0,0,0,0,0,0,1,0,0,0,0,1,0,0,0,0,0,0,0,0,1,5135,213,143,352,241,187,187,26,37,0,14,0,14,247,204,18,26,15.8,9.5,10.5,6.9,5.6,5.5,0.8,1.1,0,1.3,0,1.3,7.4,5.7,0.5,0.8,Census,State,North Carolina,NC,37063,Durham County
37,North Carolina,NC,37063,Durham County,37063001801,Census Tract 18.01; Durham County; North Carolina,18.16455817,8934,1144,3416,357,3223,366,2507,1126,180,124,719,280,1340,430,1654,628,1337,299,2081,433,1124,345,416,232,1007,329,6731,1224,17,38,197,166,82,72,131,123,28,5,28.1,12.1,4,2.6,22.3,8.3,22.5,6,18.5,5.9,15,3.7,23.3,3.7,12.6,4.1,12.9,7,12.1,3.6,75.3,9.7,0.5,1.1,5.8,4.7,2.5,2.1,4.1,3.7,0.3,0,0.6622,0.4544,0.4218,0.9097,0.8887,3.3368,0.7697,0.3973,0.6424,0.4307,0.8682,0.9751,3.3137,0.8985,0.8927,0.8927,0.8927,0.3906,0.4849,0.6641,0.532,0.5427,2.6143,0.6327,10.1575,0.8284,0,0,0,1,0,1,0,0,0,0,1,1,0,0,0,0,0,0,0,0,2,6500,352,189,3597,888,2855,773,1,2,0,19,0,19,278,244,0,19,10.9,5.7,40.3,7.6,32,7.1,0,0.1,0,0.5,0,0.5,3.1,2.8,0,0.5,Census,State,North Carolina,NC,37063,Durham County
37,North Carolina,NC,37063,Durham County,37063001802,Census Tract 18.02; Durham County; North Carolina,3.54241944,6965,962,2632,254,2344,277,2324,796,106,112,921,367,1049,335,1949,741,762,165,2158,615,1048,297,395,156,1169,435,6304,1001,205,185,70,83,139,123,205,135,46,8,33.4,10.5,4,4,39.3,15,25.2,7.3,28.1,9.3,10.9,2.8,31,5.6,15.1,4.6,16.8,6.4,18.3,6.4,90.5,7.1,7.8,7,2.7,3.2,5.9,4.6,8.7,5.8,0.7,0.1,0.7724,0.4544,0.8682,0.9452,0.9815,4.0217,0.9152,0.1964,0.94,0.5931,0.9477,0.9917,3.6689,0.9731,0.9683,0.9683,0.9683,0.6885,0.388,0.8936,0.7868,0.6794,3.4363,0.9216,12.0952,0.9788,0,0,0,1,1,2,0,1,0,1,1,3,1,1,0,0,0,0,0,0,6,3588,242,138,3237,582,2716,905,63,62,121,104,0,19,167,125,0,19,10.3,6,46.5,8,39,9.3,0.9,0.9,1.7,1.5,0,0.6,2.4,1.8,0,0.6,Census,State,North Carolina,NC,37063,Durham County
37,North Carolina,NC,37063,Durham County,37063001806,Census Tract 18.06; Durham County; North Carolina,13.73264427,7620,1268,2835,335,2738,331,1654,848,295,179,884,395,541,255,438,218,941,486,2061,815,666,383,211,150,171,143,5752,1424,0,26,0,19,106,152,0,19,12,3,21.7,10.5,7.5,4.3,32.3,13.9,10.8,5,5.7,3.1,12.3,6,27,8.2,8.7,4.7,7.7,5.4,2.4,2,75.5,13.8,0,0.9,0,1.5,3.9,5.3,0,1.5,0.2,0,0.4941,0.7628,0.7467,0.5446,0.2203,2.7685,0.5924,0.256,0.8357,0.2033,0.6528,0.7077,2.6555,0.6017,0.8946,0.8946,0.8946,0,0,0.7952,0,0.4762,1.2714,0.1306,7.59,0.4898,0,0,0,0,0,0,0,0,0,0,0,0,0,0,0,0,0,0,0,0,0,4250,168,112,4033,1145,1263,674,16,28,0,19,0,19,440,336,0,19,6.1,4.2,52.9,10.3,16.6,8.3,0.2,0.4,0,0.6,0,0.6,5.8,4.6,0,0.6,Census,State,North Carolina,NC,37063,Durham County
37,North Carolina,NC,37063,Durham County,37063001808,Census Tract 18.08; Durham County; North Carolina,6.959197429,11342,1089,4668,459,4492,464,612,454,185,135,593,218,655,358,872,431,947,156,2553,332,757,241,302,189,486,300,5897,1433,305,155,0,21,152,136,0,21,0,21,5.4,4,2.6,1.8,13.2,4.7,8.1,4.3,7.7,3.5,8.3,1.6,22.5,2.5,6.7,2.1,6.8,4.1,4.6,2.8,52,11.6,6.5,3.3,0,0.9,3.4,2.9,0,0.9,0,0.2,0.0591,0.2671,0.12,0.4199,0.3418,1.2079,0.1314,0.1054,0.5861,0.1132,0.5956,0.8573,2.2576,0.3843,0.727,0.727,0.727,0.6643,0,0.7543,0,0,1.4186,0.1647,5.6111,0.1905,0,0,0,0,0,0,0,0,0,0,0,0,0,0,0,0,0,0,0,0,0,5618,75,62,3920,1243,877,500,916,518,49,57,0,21,114,79,21,32,1.7,1.4,34.6,8.6,7.7,4.5,8.1,4.6,0.4,0.5,0,0.4,1,0.7,0.2,0.3,Census,State,North Carolina,NC,37063,Durham County
37,North Carolina,NC,37063,Durham County,37063001809,Census Tract 18.09; Durham County; North Carolina,4.690987562,6732,928,3818,405,3545,468,901,425,238,194,1284,369,279,250,490,276,1033,566,767,282,781,284,191,117,162,177,3284,1258,1629,332,0,19,64,70,291,219,23,11,13.5,6.1,5,4,36.2,9.2,5.3,4.6,7.3,4.1,15.3,7.6,11.4,3.6,11.6,4.3,5.4,3.2,2.6,2.8,48.8,17.4,42.6,7.4,0,1.1,1.8,1.8,8.2,6,0.3,0.2,0.2696,0.5721,0.8217,0.2704,0.3149,2.2487,0.4155,0.4147,0.074,0.3728,0.4839,0.7277,2.0731,0.2798,0.6926,0.6926,0.6926,0.9485,0,0.5589,0.7675,0.5427,2.8176,0.7168,7.832,0.5314,0,0,0,0,0,0,0,0,0,0,0,0,0,0,1,0,0,0,0,1,1,8923,59,59,2043,498,496,416,388,232,5,10,0,19,313,206,39,52,1.7,1.6,30.3,7.3,7.4,6,5.8,3.5,0.1,0.2,0,0.6,4.6,3,0.6,0.8,Census,State,North Carolina,NC,37063,Durham County
37,North Carolina,NC,37063,Durham County,37063001810,Census Tract 18.10; Durham County; North Carolina,1.232589708,4487,1040,1382,260,1337,276,1327,611,120,98,404,278,442,183,816,342,424,213,1614,581,143,96,246,163,356,195,4015,1055,0,19,295,137,201,131,0,14,148,15,30.6,12,5.7,4.4,30.2,19.8,16.9,7.2,18.8,8.4,9.4,5.1,36,6.8,3.3,2.2,18.4,11.6,9,4.5,89.5,11.1,0,1.4,21.3,10.1,15,9,0,3.1,3.3,0.8,0.7194,0.6394,0.7009,0.7798,0.8952,3.7347,0.8602,0.1458,0.9887,0.0189,0.9663,0.9471,3.0668,0.8058,0.9634,0.9634,0.9634,0,0.7559,0.9951,0,0.8674,2.6184,0.6342,10.3833,0.8572,0,0,0,0,0,0,0,1,0,1,1,3,1,1,0,0,1,0,0,1,5,1047,90,90,2043,839,1593,560,11,19,0,14,77,119,291,283,0,14,6.7,6.5,45.5,13.3,35.5,11.9,0.2,0.4,0,0.9,1.7,2.6,6.5,5.9,0,0.9,Census,State,North Carolina,NC,37063,Durham County
37,North Carolina,NC,37063,Durham County,37063001811,Census Tract 18.11; Durham County; North Carolina,2.393778346,6329,849,2292,195,2179,226,876,505,226,134,399,166,415,204,491,307,817,136,1673,524,592,257,129,126,218,152,4569,1082,0,26,82,93,0,26,0,19,24,4,13.8,7.8,6.6,3.8,18.3,7.4,9.8,4.7,7.8,4.6,12.9,2.7,26.4,5.8,9.4,4,5.9,5.7,3.7,2.5,72.2,14.1,0,1.1,3.6,4.1,0,1.1,0,1.9,0.4,0,0.2775,0.7053,0.2821,0.4962,0.3497,2.1108,0.3678,0.2847,0.8029,0.2396,0.5278,0.8097,2.6647,0.6073,0.8705,0.8705,0.8705,0,0.4239,0,0,0.5952,1.0191,0.0856,6.6651,0.3405,0,0,0,0,0,0,0,0,0,0,0,0,0,0,0,0,0,0,0,0,0,2112,152,119,3681,930,804,415,0,19,0,19,2,4,82,85,0,19,7,5.4,58.2,11.2,12.7,6.5,0,0.7,0,0.7,0,0.1,1.3,1.3,0,0.7,Census,State,North Carolina,NC,37063,Durham County
37,North Carolina,NC,37063,Durham County,37063001900,Census Tract 19; Durham County; North Carolina,22.55896688,6157,665,3251,315,3122,307,330,166,197,125,461,159,281,129,293,137,2579,365,416,116,1196,281,7,22,77,89,1666,804,0,26,72,46,0,26,27,31,0,19,5.4,2.6,7,4.1,14.8,4.9,5.1,2.4,4.8,2.2,41.9,5.2,6.8,1.8,19.5,4.5,0.2,0.7,1.3,1.5,27.1,12.7,0,0.8,2.2,1.4,0,0.8,0.9,1,0,0.3,0.0591,0.7336,0.1632,0.2572,0.1688,1.3819,0.172,0.9883,0.0283,0.8248,0.0557,0.5521,2.4492,0.4892,0.4162,0.4162,0.4162,0,0.3611,0,0.1477,0,0.5088,0.0265,4.7561,0.1027,0,0,0,0,0,0,1,0,0,0,0,1,0,0,0,0,0,0,0,0,1,2098,196,132,722,171,512,393,355,173,17,28,0,19,60,55,0,19,6.3,4.1,11.7,2.7,8.3,5.8,5.8,2.8,0.3,0.4,0,0.7,1,0.9,0,0.7,Census,State,North Carolina,NC,37063,Durham County
37,North Carolina,NC,37063,Durham County,37063002007,Census Tract 20.07; Durham County; North Carolina,2.30555095,5036,651,2505,266,2438,266,572,416,38,63,551,259,76,78,324,289,1233,373,962,228,556,289,178,151,19,80,2221,810,13,29,68,74,0,26,47,59,13,5,11.4,8.1,1.4,2.3,22.6,10.3,2,2,6.4,5.8,24.5,6.1,19.1,3.6,11,5.3,7.3,6.1,0.4,1.7,44.1,15,0.5,1.2,2.7,3,0,1,1.9,2.4,0.3,0.1,0.2128,0.1313,0.4328,0.1012,0.26,1.1381,0.1193,0.8319,0.3569,0.3342,0.6263,0.3293,2.4786,0.5059,0.6409,0.6409,0.6409,0.3906,0.388,0,0.2828,0.5427,1.6041,0.2154,5.8617,0.2235,0,0,0,0,0,0,0,0,0,0,0,0,0,0,0,0,0,0,0,0,0,2278,104,93,1815,479,333,305,45,66,0,19,0,19,18,31,10,17,4.3,3.9,36,7,6.6,6.1,0.9,1.3,0,0.8,0,0.8,0.4,0.6,0.2,0.3,Census,State,North Carolina,NC,37063,Durham County
37,North Carolina,NC,37063,Durham County,37063002008,Census Tract 20.08; Durham County; North Carolina,2.002667831,3767,862,1457,243,1389,246,91,94,45,31,100,62,30,30,133,138,833,331,974,367,191,80,31,48,8,56,617,1249,0,19,0,14,0,19,10,15,0,14,2.4,2.4,2.6,1.8,7.2,4.3,1.1,1.1,3.5,3.7,22.1,8.8,25.9,5.2,5.1,2.4,2.2,3.4,0.2,1.5,16.4,32.9,0,1.3,0,2.9,0,1.3,0.7,1.1,0,0.4,0.0151,0.2671,0.0144,0.0532,0.1048,0.4546,0.0159,0.756,0.784,0.0553,0.195,0.2662,2.0565,0.2707,0.2345,0.2345,0.2345,0,0,0,0.1185,0,0.1185,0.0053,2.8641,0.0087,0,0,0,0,0,0,0,0,0,0,0,0,0,0,0,0,0,0,0,0,0,1327,10,15,208,105,128,106,92,80,20,22,0,14,153,91,16,25,0.7,1.1,5.5,3.4,3.4,3,2.4,2.3,0.5,0.6,0,1.1,4.1,2.6,0.4,0.7,Census,State,North Carolina,NC,37063,Durham County
37,North Carolina,NC,37063,Durham County,37063002009,Census Tract 20.09; Durham County; North Carolina,2.84508834,4943,760,2143,324,2079,326,1475,520,147,91,860,232,587,211,864,400,1208,304,884,344,734,219,230,173,406,309,4744,766,62,72,33,41,47,51,293,118,24,7,30,9.5,7.7,4.3,41.4,9.1,16.1,5.1,17.7,7,24.4,7.5,17.9,5,15,4.9,11.1,8.1,8.9,6.6,96,4.7,2.9,3.3,1.5,1.9,2.3,2.4,14.1,5.8,0.5,0.1,0.7047,0.7749,0.8993,0.7508,0.8713,4.001,0.9106,0.8274,0.2813,0.5852,0.8156,0.946,3.4555,0.9368,0.9898,0.9898,0.9898,0.5488,0.3206,0.635,0.9167,0.6269,3.048,0.7974,11.4943,0.9443,0,0,0,0,0,0,0,0,0,0,1,1,1,1,0,0,0,1,0,1,3,6880,317,120,3522,539,897,520,37,68,0,14,0,14,271,222,17,28,15.2,5.9,71.3,8.4,18.1,9.3,0.7,1.4,0,0.9,0,0.9,5.5,4.2,0.3,0.6,Census,State,North Carolina,NC,37063,Durham County
37,North Carolina,NC,37063,Durham County,37063002013,Census Tract 20.13; Durham County; North Carolina,2.037798093,4948,517,2083,142,2050,159,400,188,67,46,237,103,164,100,179,106,988,224,978,305,526,155,52,42,116,72,2093,677,0,19,8,13,15,23,45,48,0,14,8.1,3.7,2.4,1.7,11.6,4.9,4.4,2.7,3.6,2,20,4.5,19.8,4.7,10.6,3.3,2.5,2,2.5,1.5,42.3,12.9,0,0.9,0.4,0.6,0.7,1.1,2.2,2.4,0,0.3,0.1219,0.2418,0.0818,0.219,0.1086,0.7731,0.0549,0.6662,0.4011,0.3077,0.2181,0.7183,2.3114,0.4123,0.6254,0.6254,0.6254,0,0.2343,0.3665,0.3211,0,0.9219,0.0697,4.6318,0.0943,0,0,0,0,0,0,0,0,0,0,0,0,0,0,0,0,0,0,0,0,0,2025,82,71,1269,389,357,71,190,126,15,23,0,14,181,108,81,86,4,3.5,25.6,6.7,7.2,1.6,3.8,2.6,0.3,0.5,0,0.9,3.7,2.2,1.6,1.7,Census,State,North Carolina,NC,37063,Durham County
37,North Carolina,NC,37063,Durham County,37063002015,Census Tract 20.15; Durham County; North Carolina,1.462210745,5044,697,2556,251,2237,315,1324,537,73,80,640,291,362,192,699,402,657,232,1180,384,472,296,103,142,693,293,2778,852,775,178,21,36,68,64,298,186,70,10,26.5,10.1,2.9,3.1,28.6,12.4,11.6,6.1,14,7.4,13,5,23.4,5.8,9.5,5.8,4.6,6.3,14.7,5.8,55.1,15.1,30.3,6.3,0.8,1.4,3,2.5,13.3,8.2,1.4,0,0.624,0.3103,0.66,0.5804,0.7426,2.9173,0.6413,0.2915,0.6518,0.246,0.4108,0.9845,2.5846,0.563,0.75,0.75,0.75,0.9008,0.2755,0.7137,0.9034,0.7598,3.5532,0.9512,9.8051,0.7924,0,0,0,0,0,0,0,0,0,0,1,1,0,0,1,0,0,1,0,2,3,9277,428,171,935,481,1446,493,208,160,0,19,0,19,189,181,0,19,19.1,7.2,18.5,9.1,28.7,8.6,4.1,3.2,0,0.8,0,0.8,3.7,3.3,0,0.8,Census,State,North Carolina,NC,37063,Durham County
37,North Carolina,NC,37063,Durham County,37063002019,Census Tract 20.19; Durham County; North Carolina,7.924447796,4752,599,2810,275,2490,319,653,304,90,88,743,209,0,14,206,161,858,156,595,149,201,106,51,66,57,104,1133,796,1178,286,0,14,0,19,28,48,54,2,13.9,6.2,3.1,3.1,29.8,7.5,0,1.2,4.4,3.2,18.1,3.1,12.5,2.8,4.3,2.2,2,2.6,1.3,2.3,23.8,16.5,41.9,9.3,0,1.5,0,0.7,1.1,1.9,1.1,0.1,0.2836,0.3379,0.6891,0,0.1499,1.4605,0.1917,0.5721,0.0937,0.0367,0.1746,0.5521,1.4292,0.0636,0.364,0.364,0.364,0.9463,0,0,0.1738,0.7307,1.8508,0.3052,5.1045,0.1333,0,0,0,0,0,0,0,0,0,0,0,0,0,0,1,0,0,0,0,1,1,3416,173,102,466,322,27,47,561,228,0,14,0,14,64,53,15,27,6.9,4.1,9.8,6.4,0.6,1,11.8,4.7,0,0.9,0,0.9,1.3,1.1,0.3,0.6,Census,State,North Carolina,NC,37063,Durham County
37,North Carolina,NC,37063,Durham County,37063002020,Census Tract 20.20; Durham County; North Carolina,6.32515308,9920,1378,3543,442,3453,439,210,212,190,128,217,150,33,33,256,271,1177,297,2690,728,303,117,81,76,28,81,4575,1550,71,95,0,19,0,26,0,19,29,5,2.1,2.1,3.3,2.3,6.3,4.3,0.5,0.5,2.6,2.7,11.9,3.1,27.1,4.5,3.1,1.3,2.3,2.2,0.3,0.9,46.1,14.3,2,2.7,0,1.2,0,0.7,0,1.2,0.3,0,0.0121,0.361,0.0106,0.0257,0.0632,0.4726,0.0186,0.2409,0.8391,0.0159,0.2014,0.2938,1.5911,0.1011,0.6624,0.6624,0.6624,0.5125,0,0,0,0.5427,1.0552,0.0905,3.7813,0.0409,0,0,0,0,0,0,0,0,0,0,0,0,0,0,0,0,0,0,0,0,0,2948,17,27,2839,1247,170,132,1030,375,38,61,0,19,491,249,7,13,0.5,0.8,28.6,9.7,1.7,1.3,10.4,3.9,0.4,0.6,0,0.4,4.9,2.5,0.1,0.1,Census,State,North Carolina,NC,37063,Durham County
37,North Carolina,NC,37063,Durham County,37063002021,Census Tract 20.21; Durham County; North Carolina,2.330977311,4898,528,2270,194,2178,233,628,432,9,16,528,197,111,90,163,109,347,111,1244,311,275,152,150,103,123,106,2922,734,653,166,142,132,0,19,194,108,6,2,12.8,8.7,0.3,0.5,24.2,8.7,3.5,2.9,3.3,2.2,7.1,2.3,25.4,4.8,5.6,3,6.9,4.7,2.8,2.4,59.7,13.5,28.8,6.9,6.3,5.9,0,0.8,8.9,5,0.1,0,0.2488,0.0435,0.4968,0.179,0.0958,1.0639,0.1045,0.0785,0.7636,0.0738,0.6047,0.7413,2.2619,0.3866,0.7908,0.7908,0.7908,0.894,0.4962,0,0.7936,0.3841,2.5679,0.6092,6.6845,0.3436,0,0,0,0,0,0,0,0,0,0,0,0,0,0,0,0,0,0,0,0,0,9689,20,47,1622,417,660,446,540,228,0,14,0,14,100,82,0,14,0.9,2.1,33.1,8,13.5,8.7,11,4.7,0,0.9,0,0.9,2,1.6,0,0.9,Census,State,North Carolina,NC,37063,Durham County
37,North Carolina,NC,37063,Durham County,37063002022,Census Tract 20.22; Durham County; North Carolina,0.984800642,4601,643,2299,211,2299,211,787,428,198,106,655,238,92,59,701,526,616,136,964,391,209,116,99,68,304,255,2877,683,895,256,0,14,40,65,185,97,8,2,17.3,9.1,7.1,3.8,28.5,10,2.9,1.8,15.3,10.1,13.4,3.4,21,6.1,4.6,2.7,4.3,2.9,7.2,5.9,62.5,12,39,10.5,0,1.8,1.7,2.8,8,4.2,0.2,0,0.3764,0.7401,0.6566,0.1507,0.7926,2.7164,0.5735,0.315,0.4755,0.042,0.3783,0.9199,2.1307,0.3124,0.8131,0.8131,0.8131,0.9387,0,0.5415,0.7573,0.4762,2.7137,0.6755,8.3739,0.6182,0,0,0,0,0,0,0,0,0,0,1,1,0,0,1,0,0,0,0,1,2,2400,107,77,1620,388,691,612,305,191,0,14,0,14,72,56,189,249,4.7,3.4,35.2,8.3,15,11.8,6.6,4.3,0,0.9,0,0.9,1.6,1.3,4.1,5.3,Census,State,North Carolina,NC,37063,Durham County
37,North Carolina,NC,37063,Durham County,37063002023,Census Tract 20.23; Durham County; North Carolina,0.888940009,2860,312,1367,122,1348,125,471,164,46,38,306,104,28,38,95,51,393,64,545,144,258,82,82,55,12,54,1074,411,534,127,0,14,0,19,49,41,140,8,16.8,5.5,2.6,2.1,22.7,7.4,1.3,1.7,3.4,1.8,13.7,2.6,19.1,3.8,9.2,2.9,6.1,4,0.4,1.9,37.6,13.8,39.1,8.6,0,3.1,0,1.4,3.6,3,4.9,0.6,0.3624,0.2671,0.4381,0.0634,0.1003,1.2313,0.1379,0.3293,0.3569,0.2271,0.543,0.3293,1.7856,0.1496,0.5725,0.5725,0.5725,0.9391,0,0,0.476,0.9026,2.3177,0.5044,5.9071,0.2314,0,0,0,0,0,0,0,0,0,0,0,0,0,0,1,0,0,0,1,2,2,2279,114,75,735,162,42,40,227,164,4,5,0,14,45,40,21,23,8.5,5.5,25.7,5.8,1.5,1.4,7.9,5.3,0.1,0.2,0,1.5,1.6,1.4,0.7,0.8,Census,State,North Carolina,NC,37063,Durham County
37,North Carolina,NC,37063,Durham County,37063002024,Census Tract 20.24; Durham County; North Carolina,1.679393892,6115,454,2971,161,2843,211,312,177,107,90,366,149,76,58,174,110,677,174,1223,171,428,148,133,104,5,74,1948,644,110,84,15,24,0,26,24,40,0,19,5.1,2.9,2.7,2.3,12.9,5.2,1.7,1.2,2.9,1.8,11.1,2.9,20,2.4,7,2.4,4.7,3.6,0.1,1.3,31.9,10.3,3.7,2.8,0.5,0.8,0,0.9,0.8,1.4,0,0.3,0.0549,0.2823,0.1087,0.0816,0.0765,0.604,0.0311,0.2047,0.4131,0.1268,0.4203,0.2432,1.4081,0.0602,0.4974,0.4974,0.4974,0.5814,0.2415,0,0.134,0,0.9569,0.075,3.4664,0.0295,0,0,0,0,0,0,0,0,0,0,0,0,0,0,0,0,0,0,0,0,0,2877,62,75,1110,289,270,153,280,114,0,19,0,19,249,172,39,90,2.2,2.6,18.2,4.2,4.4,2.5,4.6,1.9,0,0.7,0,0.7,4.1,2.7,0.6,1.5,Census,State,North Carolina,NC,37063,Durham County
37,North Carolina,NC,37063,Durham County,37063002025,Census Tract 20.25; Durham County; North Carolina,2.348882405,6443,757,2683,237,2541,230,675,350,226,170,656,246,177,119,602,278,546,187,1733,539,595,215,346,232,170,108,4712,837,140,143,17,27,27,44,13,20,16,3,10.6,5.3,6.3,4.4,25.8,9.4,4.1,2.7,9.3,4.3,8.5,3.1,26.9,6,9.2,3.4,13.6,9,2.8,1.8,73.1,9.7,5.2,5.3,0.6,1,1.1,1.6,0.5,0.8,0.2,0,0.1889,0.6844,0.5604,0.2069,0.4599,2.1005,0.3648,0.111,0.8304,0.2271,0.8894,0.7413,2.7992,0.6747,0.8769,0.8769,0.8769,0.6298,0.2509,0.4423,0.0931,0.4762,1.8923,0.3234,7.6689,0.5015,0,0,0,0,0,0,0,0,0,0,0,0,0,0,0,0,0,0,0,0,0,3116,87,81,3125,798,688,239,648,241,0,19,0,19,251,194,0,19,3.4,3.1,48.5,8.3,10.7,4,10.1,3.7,0,0.7,0,0.7,3.9,2.8,0,0.7,Census,State,North Carolina,NC,37063,Durham County
37,North Carolina,NC,37063,Durham County,37063002026,Census Tract 20.26; Durham County; North Carolina,2.193980599,8827,2019,3403,399,3083,390,2948,1168,348,267,1264,385,770,330,2498,1033,522,205,2191,888,796,319,434,235,376,301,7566,2042,1081,277,43,73,370,322,189,140,25,4,34.4,11.6,6.6,4.6,41,11.4,13.5,5.7,28.3,7.1,5.9,2.8,24.8,5.6,9,2.9,14.1,7.4,4.6,3.5,85.7,12.3,31.8,7.2,1.3,2.1,12,9.4,6.1,4.6,0.3,0.1,0.7891,0.7053,0.8928,0.659,0.9822,4.0284,0.9163,0.0517,0.7323,0.2154,0.9053,0.8573,2.762,0.6528,0.9502,0.9502,0.9502,0.9095,0.3096,0.9856,0.6607,0.5427,3.4081,0.9156,11.1487,0.9227,0,0,0,0,1,1,0,0,0,1,0,1,1,1,1,0,1,0,0,2,5,3051,430,310,5316,1621,2074,1055,109,103,0,19,0,19,67,64,0,19,13.9,8.9,60.2,10.3,23.5,10,1.2,1.2,0,0.5,0,0.5,0.8,0.8,0,0.5,Census,State,North Carolina,NC,37063,Durham County
37,North Carolina,NC,37063,Durham County,37063002029,Census Tract 20.29; Durham County; North Carolina,2.256876229,4146,564,2145,353,2047,404,428,225,25,31,481,177,24,52,77,73,827,285,551,161,725,320,7,18,22,62,1478,790,1203,417,15,25,0,19,246,148,12,2,10.3,5.2,1.1,1.4,23.5,7.3,0.8,1.8,1.9,1.8,19.9,6.4,13.3,3.4,17.5,7.1,0.3,0.9,0.5,1.5,35.6,18.4,56.1,17.1,0.7,1.2,0,0.9,12,6.7,0.3,0,0.1776,0.1029,0.468,0.0389,0.0356,0.823,0.061,0.6616,0.1084,0.7335,0.0579,0.3625,1.9239,0.2079,0.5468,0.5468,0.5468,0.9762,0.2631,0,0.8807,0.5427,2.6627,0.6554,5.9564,0.2383,0,0,0,0,0,0,0,0,0,0,0,0,0,0,1,0,0,0,0,1,1,3867,145,125,652,401,11,17,541,229,43,58,0,14,189,106,42,67,7.1,5.7,15.7,9.1,0.3,0.4,13,5.8,1,1.4,0,1,4.6,2.6,1,1.6,Census,State,North Carolina,NC,37063,Durham County
37,North Carolina,NC,37063,Durham County,37063002030,Census Tract 20.30; Durham County; North Carolina,5.2121353,4295,395,1860,192,1711,190,110,75,126,100,111,79,36,37,92,69,937,173,960,154,317,145,94,93,0,56,1180,507,56,94,0,14,0,19,95,106,9,3,2.6,1.7,5.6,4.4,6.5,4.6,1.1,1.1,2.1,1.6,21.8,3.6,22.4,2.9,7.4,3.2,5.5,5.4,0,1.4,27.5,11.5,3,5,0,2.3,0,1,5.6,6,0.2,0.1,0.0182,0.6288,0.0114,0.0532,0.0416,0.7532,0.0523,0.7402,0.5801,0.145,0.4938,0,1.9591,0.2238,0.4241,0.4241,0.4241,0.5526,0,0,0.6312,0.4762,1.66,0.2348,4.7964,0.1061,0,0,0,0,0,0,0,0,0,0,0,0,0,0,0,0,0,0,0,0,0,4867,58,51,372,278,47,77,522,315,19,32,0,14,212,152,8,13,3.4,2.9,8.7,6,1.1,1.8,12.2,7.1,0.4,0.8,0,1,4.9,3.5,0.2,0.3,Census,State,North Carolina,NC,37063,Durham County
37,North Carolina,NC,37063,Durham County,37063002031,Census Tract 20.31; Durham County; North Carolina,0.599036867,2292,602,1092,115,1069,124,413,248,108,72,335,154,96,113,209,218,116,76,368,272,160,123,31,36,194,212,1592,649,384,143,0,14,0,19,33,38,0,14,18.5,9.9,7.3,4.9,31.3,13.9,5.6,6.5,9.1,7.8,5.1,3.4,16.1,9.4,7,5.3,2.9,3.4,9.8,10.5,69.5,21.6,35.2,12.6,0,3.8,0,1.7,3.1,3.6,0,0.6,0.4116,0.7541,0.7266,0.2912,0.4444,2.6279,0.5432,0.04,0.199,0.1268,0.2495,0.9547,1.57,0.0958,0.8573,0.8573,0.8573,0.9228,0,0,0.4195,0,1.3423,0.145,6.3975,0.2989,0,0,0,0,0,0,0,0,0,0,1,1,0,0,1,0,0,0,0,1,2,6570,47,53,878,392,441,467,180,192,0,14,0,14,93,90,0,14,4.4,4.9,38.3,14,19.2,17.6,7.9,8.5,0,1.8,0,1.8,4.1,4.3,0,1.8,Census,State,North Carolina,NC,37063,Durham County
37,North Carolina,NC,37063,Durham County,37063002032,Census Tract 20.32; Durham County; North Carolina,0.5441988,2500,515,1437,163,1161,189,778,421,0,14,601,208,271,217,758,356,15,26,553,258,91,89,49,55,493,282,1885,552,611,195,0,14,111,80,99,79,5,1,31.2,15.6,0,2.4,51.8,15.8,17.4,12.3,30.4,11.5,0.6,1,22.1,8,3.6,3.7,4.2,4.7,21.6,11.6,75.4,15.7,42.5,12.7,0,2.9,9.5,5.5,8.5,6.3,0.2,0.1,0.7289,0,0.972,0.7968,0.9886,3.4863,0.8083,0.0091,0.5555,0.0235,0.3692,0.9958,1.9531,0.2207,0.8939,0.8939,0.8939,0.9478,0,0.9712,0.7804,0.4762,3.1756,0.8455,9.5089,0.7572,0,0,1,0,1,2,0,0,0,0,1,1,0,0,1,0,1,0,0,2,5,1372,53,43,781,332,907,423,65,73,0,14,0,14,132,176,0,14,4.6,3.8,31.2,11.1,36.3,13.5,2.6,3,0,1.7,0,1.7,5.3,6.8,0,1.7,Census,State,North Carolina,NC,37063,Durham County
37,North Carolina,NC,37063,Durham County,37063002033,Census Tract 20.33; Durham County; North Carolina,2.847720784,4266,405,2100,230,1993,233,393,313,66,71,498,224,13,6,196,197,1274,290,807,241,410,154,110,115,29,70,913,642,457,182,0,14,0,19,129,109,17,4,9.2,7.3,3.4,3.5,25,10.9,0.4,0.2,4.6,4.6,29.9,6.9,18.9,4.9,9.6,3.6,5.5,5.7,0.7,1.7,21.4,14.9,21.8,8.3,0,2,0,0.9,6.5,5,0.4,0.1,0.1507,0.3742,0.5312,0.0189,0.1597,1.2347,0.1386,0.9264,0.344,0.2517,0.4938,0.4128,2.4287,0.4767,0.3214,0.3214,0.3214,0.8539,0,0,0.6842,0.5952,2.1333,0.4203,6.1181,0.2564,0,0,0,0,0,0,1,0,0,0,0,1,0,0,0,0,0,0,0,0,1,2901,61,66,433,338,140,131,123,173,0,14,0,14,162,164,55,84,3.1,3.2,10.2,7.8,3.3,3.2,2.9,4,0,1,0,1,3.8,3.7,1.3,1.9,Census,State,North Carolina,NC,37063,Durham County
37,North Carolina,NC,37063,Durham County,37063002034,Census Tract 20.34; Durham County; North Carolina,3.974547888,6112,1092,3043,277,2790,329,667,369,266,247,930,319,375,354,636,428,838,271,1111,598,502,224,0,26,229,245,3270,1209,1176,288,0,19,54,81,45,56,0,19,10.9,5.7,6.6,5.6,33.3,10.7,7.9,6.8,10.4,6.1,13.7,5.2,18.2,7.8,8.2,3.9,0,0.9,4,4.2,53.5,17.3,38.6,8.8,0,1.4,1.9,2.7,1.6,2,0,0.3,0.198,0.7053,0.7652,0.409,0.5356,2.6131,0.5383,0.3293,0.298,0.1847,0,0.8255,1.6375,0.1128,0.7364,0.7364,0.7364,0.9379,0,0.5721,0.2435,0,1.7535,0.2673,6.7405,0.3542,0,0,0,0,0,0,0,0,0,0,0,0,0,0,1,0,0,0,0,1,1,7531,212,172,1805,737,1007,750,353,231,0,19,0,19,105,108,0,19,7.6,6.2,29.5,9.9,16.5,10.9,5.8,3.9,0,0.7,0,0.7,1.7,1.8,0,0.7,Census,State,North Carolina,NC,37063,Durham County
37,North Carolina,NC,37063,Durham County,37063002035,Census Tract 20.35; Durham County; North Carolina,3.765197206,6561,992,3423,499,3229,556,289,201,79,65,595,238,76,70,558,313,819,314,1163,347,451,399,101,77,50,87,4027,1168,907,318,200,301,0,26,28,45,3,6,4.5,3,1.8,1.5,18.4,6.7,1.6,1.5,8.5,5,12.5,4.8,17.7,4.2,6.9,5.9,3.1,2.3,0.8,1.4,61.4,15.2,26.5,8.4,5.8,8.5,0,0.8,0.9,1.4,0,0.1,0.0428,0.1722,0.2855,0.077,0.3974,0.9749,0.0894,0.2647,0.2738,0.1219,0.2685,0.4415,1.3704,0.0545,0.8063,0.8063,0.8063,0.8834,0.4849,0,0.1477,0,1.516,0.1916,4.6676,0.0981,0,0,0,0,0,0,0,0,0,0,0,0,0,0,0,0,0,0,0,0,0,15326,422,384,2735,826,522,153,557,313,0,19,0,19,127,94,86,152,13.1,10.8,41.7,9.3,8,2.4,8.5,4.6,0,0.6,0,0.6,1.9,1.4,1.3,2.3,Census,State,North Carolina,NC,37063,Durham County
37,North Carolina,NC,37063,Durham County,37063002036,Census Tract 20.36; Durham County; North Carolina,2.610841801,3218,418,1952,89,1886,141,599,323,17,31,964,309,65,64,234,178,472,207,409,255,333,225,214,181,10,57,1919,518,1295,315,28,45,38,54,114,122,0,14,18.6,9.7,0.7,1.4,51.1,15.9,2.4,2.4,7.3,5.6,14.7,6.2,12.7,7.1,10.3,7.1,11.3,9.6,0.3,1.8,59.6,14.1,66.3,15.9,1.4,2.3,2,2.8,6,6.5,0,0.4,0.4135,0.0636,0.9674,0.1231,0.3149,1.8825,0.3064,0.3829,0.0982,0.2877,0.8224,0.2938,1.885,0.1874,0.7889,0.7889,0.7889,0.9864,0.3153,0.5858,0.6535,0,2.541,0.5964,7.0974,0.4144,0,0,1,0,0,1,0,0,0,0,0,0,0,0,1,0,0,0,0,1,2,9831,206,165,1386,513,0,14,312,299,0,14,0,14,221,180,0,14,10.9,8.6,43.1,12.5,0,1.3,9.7,8.9,0,1.3,0,1.3,6.9,5.7,0,1.3,Census,State,North Carolina,NC,37063,Durham County
37,North Carolina,NC,37063,Durham County,37063002037,Census Tract 20.37; Durham County; North Carolina,3.808429433,6192,794,3849,419,3298,412,642,383,59,62,1115,401,175,192,486,279,173,92,730,236,220,143,180,184,444,354,3872,983,2450,513,0,19,133,109,215,148,0,19,10.4,6,1.3,1.3,33.8,11.4,3.8,4,8,4.3,2.8,1.4,11.8,3.2,3.6,2.3,5.5,5.5,7.7,6.1,62.5,13.7,63.7,11.4,0,1.1,4,2.8,6.5,4.4,0,0.3,0.1814,0.1215,0.78,0.19,0.3668,1.6397,0.2345,0.0196,0.0819,0.0235,0.4938,0.9301,1.5489,0.0913,0.8131,0.8131,0.8131,0.9845,0,0.8039,0.6842,0,2.4726,0.5725,6.4743,0.3106,0,0,0,0,0,0,0,0,0,0,1,1,0,0,1,0,0,0,0,1,2,19820,195,231,1784,596,384,284,1552,618,0,19,0,19,152,174,0,19,5.9,6.8,28.8,9.1,6.2,4.4,25.1,9.7,0,0.7,0,0.7,2.5,2.8,0,0.7,Census,State,North Carolina,NC,37063,Durham County
37,North Carolina,NC,37063,Durham County,37063002038,Census Tract 20.38; Durham County; North Carolina,4.873475197,6399,866,3170,337,3069,400,531,494,167,95,429,206,503,359,442,324,890,158,690,340,439,227,298,294,75,89,3560,1115,758,355,0,19,81,85,0,19,0,19,8.3,7.6,3.7,2.1,14,6.5,9.1,6,6.9,4.9,13.9,2.9,10.8,4.6,6.9,3.4,9.8,9.5,1.2,1.4,55.6,15.7,23.9,10.9,0,1.3,2.6,2.7,0,1.4,0,0.3,0.1276,0.4139,0.1378,0.4649,0.2877,1.4319,0.1856,0.3403,0.0638,0.1219,0.7664,0.5298,1.8222,0.1632,0.7557,0.7557,0.7557,0.8656,0,0.6759,0,0,1.5415,0.1984,5.5513,0.1833,0,0,0,0,0,0,0,0,0,0,0,0,0,0,0,0,0,0,0,0,0,11831,39,47,2513,785,226,149,392,277,53,71,0,19,376,227,0,19,1.3,1.6,39.3,9.2,3.5,2.4,6.1,4.3,0.8,1.1,0,0.7,5.9,3.6,0,0.7,Census,State,North Carolina,NC,37063,Durham County
37,North Carolina,NC,37063,Durham County,37063002100,Census Tract 21; Durham County; North Carolina,70.04501711,9548,777,3036,350,2777,383,1052,419,94,69,686,283,1064,223,179,105,2004,328,1150,188,943,344,53,80,130,113,3502,1070,0,26,321,142,21,38,24,40,3104,237,16.3,6.2,3.2,2.3,24.7,9.6,13.2,2.4,2.8,1.6,21,2.6,12,1.8,14.6,4.6,1.9,2.9,1.4,1.2,36.7,10.8,0,0.9,10.6,4.5,0.8,1.2,0.9,1.4,32.5,3.6,0.3502,0.3507,0.5203,0.6484,0.0727,1.9423,0.317,0.7107,0.0853,0.5602,0.1647,0.5702,2.0911,0.2881,0.5631,0.5631,0.5631,0,0.5818,0.3836,0.1477,0.986,2.0991,0.4048,6.6956,0.3458,0,0,0,0,0,0,0,0,0,0,0,0,0,0,0,0,0,0,1,1,1,9846,415,149,2470,239,790,362,42,48,39,41,0,19,161,95,0,19,14.9,5,25.9,2.7,8.3,3.8,0.4,0.5,0.4,0.4,0,0.4,1.7,1,0,0.4,Census,State,North Carolina,NC,37063,Durham County
37,North Carolina,NC,37063,Durham County,37063002200,Census Tract 22; Durham County; North Carolina,0.593992058,2513,299,1896,211,1649,202,465,229,37,35,439,185,110,53,120,85,279,102,108,59,176,88,16,23,53,68,739,409,1542,223,0,14,31,40,106,63,129,13,18.5,8.8,1.9,1.8,26.6,10.7,5.4,2.5,4.8,3.4,11.1,4.2,4.3,2.2,7,3.7,1,1.4,2.2,2.8,29.4,15.9,81.4,7.5,0,2.2,1.9,2.1,6.4,3.8,5.1,0.8,0.4116,0.188,0.5933,0.2783,0.1688,1.64,0.2348,0.2047,0.0155,0.1268,0.0928,0.6862,1.126,0.0322,0.4547,0.4547,0.4547,0.9939,0,0.5721,0.6766,0.906,3.1486,0.8372,6.3693,0.2951,0,0,0,0,0,0,0,0,0,0,0,0,0,0,1,0,0,0,1,2,2,25508,121,109,226,111,123,79,105,57,0,14,0,14,254,170,31,35,7.3,6.5,9,4.6,4.9,3.1,4.2,2.3,0,1.7,0,1.7,10.1,6.3,1.2,1.4,Census,State,North Carolina,NC,37063,Durham County
37,North Carolina,NC,37063,Durham County,37063002300,Census Tract 23; Durham County; North Carolina,0.479529031,2228,272,1079,133,976,128,542,193,99,70,363,110,327,121,271,101,144,81,352,146,259,107,91,70,84,69,1580,300,527,91,0,14,11,10,136,74,388,30,29.7,9.6,8.9,6.2,37.2,10.2,19.3,6,14.7,4.9,6.5,3.4,15.8,5.5,14.1,4.6,9.3,7.1,4,3.2,70.9,10.3,48.8,5.9,0,3.9,1.1,0.9,13.9,6.9,17.4,2.5,0.6986,0.8381,0.8398,0.8516,0.7691,3.9972,0.9102,0.0661,0.185,0.5265,0.738,0.8255,2.3411,0.4264,0.8648,0.8648,0.8648,0.9633,0,0.4423,0.9133,0.963,3.2819,0.8807,10.485,0.8693,0,0,0,0,0,0,0,0,0,0,0,0,0,0,1,0,0,1,1,3,3,4124,103,68,977,199,349,225,147,76,7,15,0,14,95,64,5,8,10.6,6.8,43.9,7.5,15.7,9.2,6.6,3.5,0.3,0.7,0,1.9,4.3,2.8,0.2,0.4,Census,State,North Carolina,NC,37063,Durham County
37,North Carolina,NC,37063,Durham County,37063980100,Census Tract 9801; Durham County; North Carolina,8.100277102,0,14,0,14,0,14,0,14,0,14,0,28,0,14,0,14,0,14,0,14,0,14,0,19,0,56,0,19,0,19,0,14,0,19,0,14,0,14,-999,-999,-999,-999,-999,-999,-999,-999,-999,-999,-999,-999,-999,-999,-999,-999,-999,-999,-999,-999,-999,-999,-999,-999,-999,-999,-999,-999,-999,-999,-999,-999,-999,-999,-999,-999,-999,-999,-999,-999,-999,-999,-999,-999,-999,-999,-999,-999,-999,-999,-999,-999,-999,-999,-999,-999,-999,-999,-999,-999,-999,-999,-999,-999,-999,-999,-999,-999,-999,-999,-999,-999,-999,-999,-999,-999,-999,-999,-999,27945,0,14,0,14,0,14,0,14,0,14,0,14,0,14,0,14,-999,-999,-999,-999,-999,-999,-999,-999,-999,-999,-999,-999,-999,-999,-999,-999,Census,State,North Carolina,NC,37063,Durham County
