GEO_ID,geoid10,NAME,Population Groups,Estimate!!Median household income in the past 12 months (in 2021 inflation-adjusted dollars),Margin of Error!!Median household income in the past 12 months (in 2021 inflation-adjusted dollars)
1400000U,17031010100,Census Tract 101,Total population,60316,24932
1400000U,17031010201,Census Tract 102.01,Total population,43750,21149
1400000U,17031010202,Census Tract 102.02,Total population,45096,5367
1400000U,17031010300,Census Tract 103,Total population,60846,13337
1400000U,17031010400,Census Tract 104,Total population,43024,8584
1400000U,17031010501,Census Tract 105.01,Total population,47364,11724
1400000U,17031010502,Census Tract 105.02,Total population,48831,11097
1400000U,17031010503,Census Tract 105.03,Total population,16399,3862
1400000U,17031010600,Census Tract 106,Total population,58993,9156
1400000U,17031010701,Census Tract 107.01,Total population,64007,13710
1400000U,17031010702,Census Tract 107.02,Total population,48799,3982
1400000U,17031020100,Census Tract 201,Total population,50041,9861
1400000U,17031020200,Census Tract 202,Total population,99987,19015
1400000U,17031020301,Census Tract 203.01,Total population,62917,11762
1400000U,17031020302,Census Tract 203.02,Total population,78987,9571
1400000U,17031020400,Census Tract 204,Total population,63092,11012
1400000U,17031020500,Census Tract 205,Total population,38271,9091
1400000U,17031020601,Census Tract 206.01,Total population,57250,17337
1400000U,17031020602,Census Tract 206.02,Total population,78293,25766
1400000U,17031020701,Census Tract 207.01,Total population,83571,36776
1400000U,17031020702,Census Tract 207.02,Total population,55451,10213
1400000U,17031020801,Census Tract 208.01,Total population,57127,19758
1400000U,17031020802,Census Tract 208.02,Total population,57224,17459
1400000U,17031020901,Census Tract 209.01,Total population,47316,10450
1400000U,17031020902,Census Tract 209.02,Total population,42816,6133
1400000U,17031030101,Census Tract 301.01,Total population,40776,12442
1400000U,17031030102,Census Tract 301.02,Total population,47366,11561
1400000U,17031030103,Census Tract 301.03,Total population,54519,7898
1400000U,17031030104,Census Tract 301.04,Total population,36318,10398
1400000U,17031030200,Census Tract 302,Total population,92260,14621
1400000U,17031030300,Census Tract 303,Total population,52382,17469
1400000U,17031030400,Census Tract 304,Total population,92650,17491
1400000U,17031030500,Census Tract 305,Total population,101063,10785
1400000U,17031030601,Census Tract 306.01,Total population,46250,9253
1400000U,17031030603,Census Tract 306.03,Total population,45263,6894
1400000U,17031030604,Census Tract 306.04,Total population,55093,10113
1400000U,17031030701,Census Tract 307.01,Total population,40357,12180
1400000U,17031030702,Census Tract 307.02,Total population,66016,17068
1400000U,17031030703,Census Tract 307.03,Total population,51750,20328
1400000U,17031030706,Census Tract 307.06,Total population,58639,18508
1400000U,17031030800,Census Tract 308,Total population,87065,12727
1400000U,17031030900,Census Tract 309,Total population,93093,18531
1400000U,17031031000,Census Tract 310,Total population,98929,23885
1400000U,17031031100,Census Tract 311,Total population,77672,10802
1400000U,17031031200,Census Tract 312,Total population,29214,12175
1400000U,17031031300,Census Tract 313,Total population,58828,5454
1400000U,17031031400,Census Tract 314,Total population,80580,8870
1400000U,17031031501,Census Tract 315.01,Total population,43416,12406
1400000U,17031031502,Census Tract 315.02,Total population,40074,5884
1400000U,17031031700,Census Tract 317,Total population,74615,15371
1400000U,17031031800,Census Tract 318,Total population,76921,11290
1400000U,17031031900,Census Tract 319,Total population,87694,21193
1400000U,17031032100,Census Tract 321,Total population,68444,17283
1400000U,17031040100,Census Tract 401,Total population,90000,20755
1400000U,17031040201,Census Tract 402.01,Total population,91436,12135
1400000U,17031040202,Census Tract 402.02,Total population,48262,6755
1400000U,17031040300,Census Tract 403,Total population,94973,22595
1400000U,17031040401,Census Tract 404.01,Total population,111389,21952
1400000U,17031040402,Census Tract 404.02,Total population,91016,15909
1400000U,17031040600,Census Tract 406,Total population,83042,12132
1400000U,17031040700,Census Tract 407,Total population,103690,13480
1400000U,17031040800,Census Tract 408,Total population,94943,24323
1400000U,17031040900,Census Tract 409,Total population,76538,31701
1400000U,17031050100,Census Tract 501,Total population,119622,16884
1400000U,17031050200,Census Tract 502,Total population,134773,38298
1400000U,17031050300,Census Tract 503,Total population,149034,25865
1400000U,17031050500,Census Tract 505,Total population,132500,23445
1400000U,17031050600,Census Tract 506,Total population,105469,31366
1400000U,17031050700,Census Tract 507,Total population,115787,17258
1400000U,17031050800,Census Tract 508,Total population,150250,48646
1400000U,17031050900,Census Tract 509,Total population,121071,16338
1400000U,17031051000,Census Tract 510,Total population,156898,20504
1400000U,17031051100,Census Tract 511,Total population,161750,49836
1400000U,17031051200,Census Tract 512,Total population,154114,9019
1400000U,17031051300,Census Tract 513,Total population,199977,20636
1400000U,17031051400,Census Tract 514,Total population,138250,28702
1400000U,17031060100,Census Tract 601,Total population,105875,20156
1400000U,17031060200,Census Tract 602,Total population,83854,27125
1400000U,17031060300,Census Tract 603,Total population,123750,39168
1400000U,17031060400,Census Tract 604,Total population,146111,22056
1400000U,17031060500,Census Tract 605,Total population,52652,43690
1400000U,17031060800,Census Tract 608,Total population,77436,8846
1400000U,17031060900,Census Tract 609,Total population,80670,18220
1400000U,17031061000,Census Tract 610,Total population,111728,16795
1400000U,17031061100,Census Tract 611,Total population,92750,24118
1400000U,17031061200,Census Tract 612,Total population,120865,27995
1400000U,17031061500,Census Tract 615,Total population,126750,8822
1400000U,17031061800,Census Tract 618,Total population,65238,13410
1400000U,17031061901,Census Tract 619.01,Total population,54192,17204
1400000U,17031061902,Census Tract 619.02,Total population,79254,13886
1400000U,17031062000,Census Tract 620,Total population,98828,16586
1400000U,17031062100,Census Tract 621,Total population,96510,28459
1400000U,17031062200,Census Tract 622,Total population,165083,30386
1400000U,17031062300,Census Tract 623,Total population,181250,28121
1400000U,17031062400,Census Tract 624,Total population,141328,45328
1400000U,17031062500,Census Tract 625,Total population,157143,32787
1400000U,17031062600,Census Tract 626,Total population,187857,45254
1400000U,17031062700,Census Tract 627,Total population,139477,53397
1400000U,17031062800,Census Tract 628,Total population,154911,52277
1400000U,17031062900,Census Tract 629,Total population,146341,24249
1400000U,17031063000,Census Tract 630,Total population,99792,12776
1400000U,17031063100,Census Tract 631,Total population,96188,15660
1400000U,17031063200,Census Tract 632,Total population,68710,15292
1400000U,17031063301,Census Tract 633.01,Total population,63889,8434
1400000U,17031063302,Census Tract 633.02,Total population,84319,8850
1400000U,17031063303,Census Tract 633.03,Total population,93625,12118
1400000U,17031063400,Census Tract 634,Total population,113512,21027
1400000U,17031070101,Census Tract 701.01,Total population,81708,13596
1400000U,17031070102,Census Tract 701.02,Total population,87912,8739
1400000U,17031070103,Census Tract 701.03,Total population,72625,12954
1400000U,17031070200,Census Tract 702,Total population,103402,19215
1400000U,17031070300,Census Tract 703,Total population,177351,22904
1400000U,17031070400,Census Tract 704,Total population,210147,49882
1400000U,17031070500,Census Tract 705,Total population,144389,34236
1400000U,17031070600,Census Tract 706,Total population,"250,000+",***
1400000U,17031070700,Census Tract 707,Total population,150903,33427
1400000U,17031071000,Census Tract 710,Total population,203491,41790
1400000U,17031071100,Census Tract 711,Total population,190380,46470
1400000U,17031071200,Census Tract 712,Total population,132000,34339
1400000U,17031071300,Census Tract 713,Total population,101848,33666
1400000U,17031071400,Census Tract 714,Total population,109174,24928
1400000U,17031071500,Census Tract 715,Total population,101594,13553
1400000U,17031071600,Census Tract 716,Total population,166875,34936
1400000U,17031071700,Census Tract 717,Total population,146875,97755
1400000U,17031071800,Census Tract 718,Total population,192102,42311
1400000U,17031080100,Census Tract 801,Total population,114375,23598
1400000U,17031080201,Census Tract 802.01,Total population,120203,28672
1400000U,17031080202,Census Tract 802.02,Total population,98897,12964
1400000U,17031080300,Census Tract 803,Total population,145759,19635
1400000U,17031080400,Census Tract 804,Total population,-,**
1400000U,17031081000,Census Tract 810,Total population,76369,11200
1400000U,17031081100,Census Tract 811,Total population,83763,3737
1400000U,17031081201,Census Tract 812.01,Total population,122212,22776
1400000U,17031081202,Census Tract 812.02,Total population,174151,76312
1400000U,17031081300,Census Tract 813,Total population,107841,26820
1400000U,17031081401,Census Tract 814.01,Total population,75278,17960
1400000U,17031081402,Census Tract 814.02,Total population,126910,35597
1400000U,17031081403,Census Tract 814.03,Total population,104447,14102
1400000U,17031081500,Census Tract 815,Total population,131579,36256
1400000U,17031081600,Census Tract 816,Total population,126705,28894
1400000U,17031081700,Census Tract 817,Total population,116719,18142
1400000U,17031081800,Census Tract 818,Total population,159515,16885
1400000U,17031081900,Census Tract 819,Total population,175833,48809
1400000U,17031090100,Census Tract 901,Total population,115161,15774
1400000U,17031090200,Census Tract 902,Total population,114385,16344
1400000U,17031090300,Census Tract 903,Total population,103421,25590
1400000U,17031100100,Census Tract 1001,Total population,100985,13150
1400000U,17031100200,Census Tract 1002,Total population,101330,8472
1400000U,17031100300,Census Tract 1003,Total population,75763,12993
1400000U,17031100400,Census Tract 1004,Total population,127019,16769
1400000U,17031100500,Census Tract 1005,Total population,92576,13805
1400000U,17031100600,Census Tract 1006,Total population,68417,14451
1400000U,17031100700,Census Tract 1007,Total population,107723,20863
1400000U,17031110100,Census Tract 1101,Total population,88630,23391
1400000U,17031110200,Census Tract 1102,Total population,68043,28206
1400000U,17031110300,Census Tract 1103,Total population,101375,11177
1400000U,17031110400,Census Tract 1104,Total population,73633,6526
1400000U,17031110501,Census Tract 1105.01,Total population,95609,9336
1400000U,17031110502,Census Tract 1105.02,Total population,63891,14310
1400000U,17031120100,Census Tract 1201,Total population,148306,15300
1400000U,17031120200,Census Tract 1202,Total population,129028,20953
1400000U,17031120300,Census Tract 1203,Total population,136316,25051
1400000U,17031120400,Census Tract 1204,Total population,112639,19176
1400000U,17031130100,Census Tract 1301,Total population,50385,11250
1400000U,17031130200,Census Tract 1302,Total population,97361,43536
1400000U,17031130300,Census Tract 1303,Total population,61905,12239
1400000U,17031140100,Census Tract 1401,Total population,65388,29981
1400000U,17031140200,Census Tract 1402,Total population,63241,15545
1400000U,17031140301,Census Tract 1403.01,Total population,63289,11044
1400000U,17031140302,Census Tract 1403.02,Total population,66895,16513
1400000U,17031140400,Census Tract 1404,Total population,87308,20254
1400000U,17031140500,Census Tract 1405,Total population,77120,14501
1400000U,17031140601,Census Tract 1406.01,Total population,77727,19028
1400000U,17031140602,Census Tract 1406.02,Total population,54679,25152
1400000U,17031140701,Census Tract 1407.01,Total population,79211,9254
1400000U,17031140702,Census Tract 1407.02,Total population,61500,16046
1400000U,17031140800,Census Tract 1408,Total population,88836,22804
1400000U,17031150200,Census Tract 1502,Total population,77538,21395
1400000U,17031150300,Census Tract 1503,Total population,77384,10573
1400000U,17031150401,Census Tract 1504.01,Total population,69925,14293
1400000U,17031150402,Census Tract 1504.02,Total population,88320,6620
1400000U,17031150501,Census Tract 1505.01,Total population,114375,10798
1400000U,17031150502,Census Tract 1505.02,Total population,68997,7499
1400000U,17031150600,Census Tract 1506,Total population,85570,15181
1400000U,17031150700,Census Tract 1507,Total population,89554,15082
1400000U,17031150800,Census Tract 1508,Total population,81164,17889
1400000U,17031151001,Census Tract 1510.01,Total population,85670,13126
1400000U,17031151002,Census Tract 1510.02,Total population,68906,14742
1400000U,17031151100,Census Tract 1511,Total population,69875,12134
1400000U,17031151200,Census Tract 1512,Total population,80907,6820
1400000U,17031160100,Census Tract 1601,Total population,88625,16644
1400000U,17031160200,Census Tract 1602,Total population,113482,32747
1400000U,17031160300,Census Tract 1603,Total population,74125,11014
1400000U,17031160400,Census Tract 1604,Total population,70764,15815
1400000U,17031160501,Census Tract 1605.01,Total population,75563,18564
1400000U,17031160502,Census Tract 1605.02,Total population,82742,16195
1400000U,17031160601,Census Tract 1606.01,Total population,73796,18515
1400000U,17031160602,Census Tract 1606.02,Total population,78250,18389
1400000U,17031160700,Census Tract 1607,Total population,76469,28496
1400000U,17031160800,Census Tract 1608,Total population,75088,12626
1400000U,17031160900,Census Tract 1609,Total population,91615,15280
1400000U,17031161000,Census Tract 1610,Total population,95144,8757
1400000U,17031161100,Census Tract 1611,Total population,137750,27091
1400000U,17031161200,Census Tract 1612,Total population,62833,15661
1400000U,17031161300,Census Tract 1613,Total population,49460,9529
1400000U,17031170100,Census Tract 1701,Total population,48438,19959
1400000U,17031170200,Census Tract 1702,Total population,80550,23435
1400000U,17031170300,Census Tract 1703,Total population,78913,21555
1400000U,17031170400,Census Tract 1704,Total population,85066,19972
1400000U,17031170500,Census Tract 1705,Total population,91713,16381
1400000U,17031170600,Census Tract 1706,Total population,70925,8529
1400000U,17031170700,Census Tract 1707,Total population,75854,7772
1400000U,17031170800,Census Tract 1708,Total population,62165,23160
1400000U,17031170900,Census Tract 1709,Total population,74706,19708
1400000U,17031171000,Census Tract 1710,Total population,80034,16445
1400000U,17031171100,Census Tract 1711,Total population,84777,18335
1400000U,17031180100,Census Tract 1801,Total population,61368,34068
1400000U,17031190100,Census Tract 1901,Total population,48352,11050
1400000U,17031190200,Census Tract 1902,Total population,72667,9900
1400000U,17031190300,Census Tract 1903,Total population,73444,14141
1400000U,17031190401,Census Tract 1904.01,Total population,77063,12991
1400000U,17031190402,Census Tract 1904.02,Total population,52115,9802
1400000U,17031190601,Census Tract 1906.01,Total population,63589,14028
1400000U,17031190602,Census Tract 1906.02,Total population,56689,14272
1400000U,17031190701,Census Tract 1907.01,Total population,59000,17187
1400000U,17031190702,Census Tract 1907.02,Total population,49125,12748
1400000U,17031190800,Census Tract 1908,Total population,54617,18449
1400000U,17031190900,Census Tract 1909,Total population,64242,8633
1400000U,17031191000,Census Tract 1910,Total population,59000,20088
1400000U,17031191100,Census Tract 1911,Total population,55907,13489
1400000U,17031191200,Census Tract 1912,Total population,54938,15098
1400000U,17031191301,Census Tract 1913.01,Total population,57981,18984
1400000U,17031191302,Census Tract 1913.02,Total population,67572,20268
1400000U,17031200100,Census Tract 2001,Total population,63523,11505
1400000U,17031200200,Census Tract 2002,Total population,61319,8593
1400000U,17031200300,Census Tract 2003,Total population,56125,22067
1400000U,17031200401,Census Tract 2004.01,Total population,64559,11292
1400000U,17031200402,Census Tract 2004.02,Total population,68872,7800
1400000U,17031210100,Census Tract 2101,Total population,94781,9375
1400000U,17031210400,Census Tract 2104,Total population,55455,23318
1400000U,17031210501,Census Tract 2105.01,Total population,54481,13533
1400000U,17031210502,Census Tract 2105.02,Total population,65968,9388
1400000U,17031210601,Census Tract 2106.01,Total population,85545,7955
1400000U,17031210602,Census Tract 2106.02,Total population,94605,18217
1400000U,17031210700,Census Tract 2107,Total population,77442,18573
1400000U,17031210800,Census Tract 2108,Total population,67308,38537
1400000U,17031210900,Census Tract 2109,Total population,95975,19080
1400000U,17031220300,Census Tract 2203,Total population,96641,15139
1400000U,17031220400,Census Tract 2204,Total population,95962,27720
1400000U,17031220500,Census Tract 2205,Total population,86953,19730
1400000U,17031220601,Census Tract 2206.01,Total population,113063,19834
1400000U,17031220602,Census Tract 2206.02,Total population,61159,11919
1400000U,17031220701,Census Tract 2207.01,Total population,70022,6572
1400000U,17031220702,Census Tract 2207.02,Total population,71174,15014
1400000U,17031220901,Census Tract 2209.01,Total population,74167,26415
1400000U,17031220902,Census Tract 2209.02,Total population,69167,11778
1400000U,17031221000,Census Tract 2210,Total population,82813,20493
1400000U,17031221100,Census Tract 2211,Total population,78073,10819
1400000U,17031221200,Census Tract 2212,Total population,124450,16294
1400000U,17031221300,Census Tract 2213,Total population,69643,18913
1400000U,17031221400,Census Tract 2214,Total population,97404,23726
1400000U,17031221500,Census Tract 2215,Total population,62952,21447
1400000U,17031221600,Census Tract 2216,Total population,143750,21224
1400000U,17031222200,Census Tract 2222,Total population,167188,25401
1400000U,17031222500,Census Tract 2225,Total population,103125,19797
1400000U,17031222600,Census Tract 2226,Total population,75078,20405
1400000U,17031222700,Census Tract 2227,Total population,75943,5930
1400000U,17031222800,Census Tract 2228,Total population,80850,22315
1400000U,17031222900,Census Tract 2229,Total population,74940,31548
1400000U,17031230100,Census Tract 2301,Total population,84583,32796
1400000U,17031230200,Census Tract 2302,Total population,64844,19567
1400000U,17031230300,Census Tract 2303,Total population,52557,8913
1400000U,17031230400,Census Tract 2304,Total population,76286,13798
1400000U,17031230500,Census Tract 2305,Total population,24250,11892
1400000U,17031230600,Census Tract 2306,Total population,50603,17318
1400000U,17031230700,Census Tract 2307,Total population,42891,8545
1400000U,17031230800,Census Tract 2308,Total population,61111,29178
1400000U,17031230900,Census Tract 2309,Total population,60337,10078
1400000U,17031231100,Census Tract 2311,Total population,55714,8962
1400000U,17031231200,Census Tract 2312,Total population,39042,10869
1400000U,17031231500,Census Tract 2315,Total population,30341,15750
1400000U,17031240200,Census Tract 2402,Total population,144659,20600
1400000U,17031240300,Census Tract 2403,Total population,139432,46421
1400000U,17031240500,Census Tract 2405,Total population,167768,22285
1400000U,17031240600,Census Tract 2406,Total population,144286,18506
1400000U,17031240700,Census Tract 2407,Total population,93534,33436
1400000U,17031240800,Census Tract 2408,Total population,91964,29775
1400000U,17031240900,Census Tract 2409,Total population,66250,38195
1400000U,17031241000,Census Tract 2410,Total population,80000,11465
1400000U,17031241100,Census Tract 2411,Total population,82830,6857
1400000U,17031241200,Census Tract 2412,Total population,116346,28069
1400000U,17031241300,Census Tract 2413,Total population,158750,23062
1400000U,17031241400,Census Tract 2414,Total population,149792,18960
1400000U,17031241500,Census Tract 2415,Total population,158750,29260
1400000U,17031241600,Census Tract 2416,Total population,107031,8196
1400000U,17031242000,Census Tract 2420,Total population,133017,27880
1400000U,17031242100,Census Tract 2421,Total population,177356,40037
1400000U,17031242200,Census Tract 2422,Total population,147206,13253
1400000U,17031242300,Census Tract 2423,Total population,94670,13182
1400000U,17031242400,Census Tract 2424,Total population,94659,13830
1400000U,17031242500,Census Tract 2425,Total population,79722,13095
1400000U,17031242600,Census Tract 2426,Total population,80217,8125
1400000U,17031242700,Census Tract 2427,Total population,65781,22534
1400000U,17031242800,Census Tract 2428,Total population,127813,37727
1400000U,17031242900,Census Tract 2429,Total population,122857,31365
1400000U,17031243000,Census Tract 2430,Total population,106250,34068
1400000U,17031243100,Census Tract 2431,Total population,103750,27584
1400000U,17031243200,Census Tract 2432,Total population,118553,35962
1400000U,17031243300,Census Tract 2433,Total population,115855,35652
1400000U,17031243400,Census Tract 2434,Total population,101450,29250
1400000U,17031243500,Census Tract 2435,Total population,148646,11631
1400000U,17031250200,Census Tract 2502,Total population,55208,19133
1400000U,17031250300,Census Tract 2503,Total population,42935,10414
1400000U,17031250400,Census Tract 2504,Total population,47500,8874
1400000U,17031250500,Census Tract 2505,Total population,104659,43230
1400000U,17031250600,Census Tract 2506,Total population,56985,13391
1400000U,17031250700,Census Tract 2507,Total population,43358,10731
1400000U,17031250800,Census Tract 2508,Total population,61229,6985
1400000U,17031251000,Census Tract 2510,Total population,29915,8513
1400000U,17031251100,Census Tract 2511,Total population,29460,8964
1400000U,17031251200,Census Tract 2512,Total population,42522,17347
1400000U,17031251300,Census Tract 2513,Total population,37026,4131
1400000U,17031251400,Census Tract 2514,Total population,18806,3655
1400000U,17031251500,Census Tract 2515,Total population,38702,22703
1400000U,17031251600,Census Tract 2516,Total population,32593,12393
1400000U,17031251700,Census Tract 2517,Total population,52031,14731
1400000U,17031251800,Census Tract 2518,Total population,26940,11227
1400000U,17031251900,Census Tract 2519,Total population,26830,9413
1400000U,17031252000,Census Tract 2520,Total population,27156,11003
1400000U,17031252101,Census Tract 2521.01,Total population,-,**
1400000U,17031252102,Census Tract 2521.02,Total population,45969,7608
1400000U,17031252201,Census Tract 2522.01,Total population,39702,8959
1400000U,17031252202,Census Tract 2522.02,Total population,37188,14608
1400000U,17031260100,Census Tract 2601,Total population,21188,9292
1400000U,17031260200,Census Tract 2602,Total population,41506,7055
1400000U,17031260300,Census Tract 2603,Total population,18803,4501
1400000U,17031260500,Census Tract 2605,Total population,40985,11017
1400000U,17031260600,Census Tract 2606,Total population,43427,11096
1400000U,17031260700,Census Tract 2607,Total population,30694,15699
1400000U,17031260800,Census Tract 2608,Total population,37708,13805
1400000U,17031260900,Census Tract 2609,Total population,24112,20545
1400000U,17031261000,Census Tract 2610,Total population,40684,3940
1400000U,17031270500,Census Tract 2705,Total population,19107,6723
1400000U,17031271200,Census Tract 2712,Total population,27784,9304
1400000U,17031271300,Census Tract 2713,Total population,33750,25904
1400000U,17031271400,Census Tract 2714,Total population,27273,7035
1400000U,17031271500,Census Tract 2715,Total population,37857,10768
1400000U,17031280100,Census Tract 2801,Total population,131742,28057
1400000U,17031280400,Census Tract 2804,Total population,65972,37226
1400000U,17031280800,Census Tract 2808,Total population,21786,17798
1400000U,17031280900,Census Tract 2809,Total population,-,**
1400000U,17031281900,Census Tract 2819,Total population,118669,16236
1400000U,17031282700,Census Tract 2827,Total population,77826,17801
1400000U,17031282800,Census Tract 2828,Total population,74158,7959
1400000U,17031283100,Census Tract 2831,Total population,41555,33971
1400000U,17031283200,Census Tract 2832,Total population,53153,10082
1400000U,17031283800,Census Tract 2838,Total population,76615,21696
1400000U,17031290900,Census Tract 2909,Total population,31528,15684
1400000U,17031291200,Census Tract 2912,Total population,26250,13773
1400000U,17031291600,Census Tract 2916,Total population,110167,53813
1400000U,17031292200,Census Tract 2922,Total population,32192,11583
1400000U,17031292400,Census Tract 2924,Total population,44801,10862
1400000U,17031292500,Census Tract 2925,Total population,46847,10231
1400000U,17031300500,Census Tract 3005,Total population,49500,15524
1400000U,17031300600,Census Tract 3006,Total population,46839,3026
1400000U,17031300700,Census Tract 3007,Total population,43801,5145
1400000U,17031300800,Census Tract 3008,Total population,30465,5258
1400000U,17031300900,Census Tract 3009,Total population,30395,9470
1400000U,17031301100,Census Tract 3011,Total population,34315,7712
1400000U,17031301200,Census Tract 3012,Total population,38319,11999
1400000U,17031301600,Census Tract 3016,Total population,28527,1917
1400000U,17031301701,Census Tract 3017.01,Total population,49026,6623
1400000U,17031301702,Census Tract 3017.02,Total population,40128,9137
1400000U,17031301801,Census Tract 3018.01,Total population,41188,15996
1400000U,17031301802,Census Tract 3018.02,Total population,37857,12111
1400000U,17031301803,Census Tract 3018.03,Total population,37299,21013
1400000U,17031310200,Census Tract 3102,Total population,96042,19660
1400000U,17031310300,Census Tract 3103,Total population,70149,15580
1400000U,17031310400,Census Tract 3104,Total population,59833,26644
1400000U,17031310500,Census Tract 3105,Total population,53923,10094
1400000U,17031310600,Census Tract 3106,Total population,68958,7866
1400000U,17031310700,Census Tract 3107,Total population,60278,10099
1400000U,17031310800,Census Tract 3108,Total population,59474,23067
1400000U,17031310900,Census Tract 3109,Total population,68347,33199
1400000U,17031320101,Census Tract 3201.01,Total population,112139,25587
1400000U,17031320102,Census Tract 3201.02,Total population,178084,44184
1400000U,17031320400,Census Tract 3204,Total population,155189,35634
1400000U,17031320600,Census Tract 3206,Total population,113051,6309
1400000U,17031330101,Census Tract 3301.01,Total population,161990,43714
1400000U,17031330102,Census Tract 3301.02,Total population,105639,13944
1400000U,17031330103,Census Tract 3301.03,Total population,99623,30792
1400000U,17031330200,Census Tract 3302,Total population,117237,26361
1400000U,17031340300,Census Tract 3403,Total population,35761,8423
1400000U,17031340400,Census Tract 3404,Total population,46827,12928
1400000U,17031340500,Census Tract 3405,Total population,35060,17990
1400000U,17031340600,Census Tract 3406,Total population,13897,4166
1400000U,17031350100,Census Tract 3501,Total population,56593,5255
1400000U,17031350400,Census Tract 3504,Total population,18368,9440
1400000U,17031351000,Census Tract 3510,Total population,52877,6282
1400000U,17031351100,Census Tract 3511,Total population,14463,5427
1400000U,17031351400,Census Tract 3514,Total population,15865,11556
1400000U,17031351500,Census Tract 3515,Total population,-,**
1400000U,17031360200,Census Tract 3602,Total population,25305,6011
1400000U,17031380100,Census Tract 3801,Total population,23417,22529
1400000U,17031380200,Census Tract 3802,Total population,22629,9231
1400000U,17031380600,Census Tract 3806,Total population,26510,9683
1400000U,17031381200,Census Tract 3812,Total population,38200,25952
1400000U,17031381400,Census Tract 3814,Total population,38007,8378
1400000U,17031381500,Census Tract 3815,Total population,21230,4412
1400000U,17031381800,Census Tract 3818,Total population,37264,25703
1400000U,17031381900,Census Tract 3819,Total population,55521,8843
1400000U,17031390100,Census Tract 3901,Total population,56023,51755
1400000U,17031390200,Census Tract 3902,Total population,95888,15615
1400000U,17031390300,Census Tract 3903,Total population,23861,9562
1400000U,17031390400,Census Tract 3904,Total population,22368,8943
1400000U,17031390500,Census Tract 3905,Total population,49784,10855
1400000U,17031390600,Census Tract 3906,Total population,60208,35554
1400000U,17031390700,Census Tract 3907,Total population,71138,16474
1400000U,17031400300,Census Tract 4003,Total population,41875,4938
1400000U,17031400400,Census Tract 4004,Total population,33886,13829
1400000U,17031400500,Census Tract 4005,Total population,20827,10265
1400000U,17031400800,Census Tract 4008,Total population,10563,10242
1400000U,17031410100,Census Tract 4101,Total population,43901,12316
1400000U,17031410200,Census Tract 4102,Total population,52344,13371
1400000U,17031410500,Census Tract 4105,Total population,65441,16557
1400000U,17031410600,Census Tract 4106,Total population,34960,23885
1400000U,17031410700,Census Tract 4107,Total population,55427,27677
1400000U,17031410800,Census Tract 4108,Total population,49405,11508
1400000U,17031410900,Census Tract 4109,Total population,70083,8212
1400000U,17031411000,Census Tract 4110,Total population,56512,19577
1400000U,17031411100,Census Tract 4111,Total population,118082,12510
1400000U,17031411200,Census Tract 4112,Total population,100536,44155
1400000U,17031420100,Census Tract 4201,Total population,19608,7104
1400000U,17031420200,Census Tract 4202,Total population,26583,7895
1400000U,17031420300,Census Tract 4203,Total population,36031,11293
1400000U,17031420400,Census Tract 4204,Total population,24870,9936
1400000U,17031420500,Census Tract 4205,Total population,23539,7967
1400000U,17031420600,Census Tract 4206,Total population,30828,7046
1400000U,17031420700,Census Tract 4207,Total population,24508,3438
1400000U,17031420800,Census Tract 4208,Total population,41438,13189
1400000U,17031421200,Census Tract 4212,Total population,38068,19224
1400000U,17031430101,Census Tract 4301.01,Total population,22418,17311
1400000U,17031430102,Census Tract 4301.02,Total population,42801,13061
1400000U,17031430200,Census Tract 4302,Total population,29913,13765
1400000U,17031430300,Census Tract 4303,Total population,32000,11556
1400000U,17031430400,Census Tract 4304,Total population,37485,9152
1400000U,17031430500,Census Tract 4305,Total population,22136,7151
1400000U,17031430600,Census Tract 4306,Total population,52202,30169
1400000U,17031430700,Census Tract 4307,Total population,26875,20359
1400000U,17031430800,Census Tract 4308,Total population,40057,11965
1400000U,17031430900,Census Tract 4309,Total population,41833,18205
1400000U,17031431200,Census Tract 4312,Total population,58884,10368
1400000U,17031431301,Census Tract 4313.01,Total population,34220,3993
1400000U,17031431302,Census Tract 4313.02,Total population,25424,12201
1400000U,17031431400,Census Tract 4314,Total population,38858,8635
1400000U,17031440101,Census Tract 4401.01,Total population,29162,6833
1400000U,17031440102,Census Tract 4401.02,Total population,37194,9538
1400000U,17031440201,Census Tract 4402.01,Total population,29071,16239
1400000U,17031440202,Census Tract 4402.02,Total population,31534,5119
1400000U,17031440300,Census Tract 4403,Total population,51559,17969
1400000U,17031440600,Census Tract 4406,Total population,60000,14179
1400000U,17031440700,Census Tract 4407,Total population,72143,17066
1400000U,17031440800,Census Tract 4408,Total population,34095,11883
1400000U,17031440900,Census Tract 4409,Total population,52778,42888
1400000U,17031450300,Census Tract 4503,Total population,46475,18327
1400000U,17031460100,Census Tract 4601,Total population,44606,2711
1400000U,17031460200,Census Tract 4602,Total population,25855,4402
1400000U,17031460301,Census Tract 4603.01,Total population,34643,13600
1400000U,17031460302,Census Tract 4603.02,Total population,34740,11931
1400000U,17031460400,Census Tract 4604,Total population,59688,27070
1400000U,17031460500,Census Tract 4605,Total population,56530,28284
1400000U,17031460800,Census Tract 4608,Total population,32003,4974
1400000U,17031461000,Census Tract 4610,Total population,14243,2805
1400000U,17031470100,Census Tract 4701,Total population,45294,15938
1400000U,17031480100,Census Tract 4801,Total population,62583,20136
1400000U,17031480200,Census Tract 4802,Total population,62537,17103
1400000U,17031480300,Census Tract 4803,Total population,49970,10357
1400000U,17031480400,Census Tract 4804,Total population,85707,20280
1400000U,17031480500,Census Tract 4805,Total population,48875,38426
1400000U,17031490200,Census Tract 4902,Total population,59847,5546
1400000U,17031490500,Census Tract 4905,Total population,65179,13532
1400000U,17031490600,Census Tract 4906,Total population,47474,20653
1400000U,17031490700,Census Tract 4907,Total population,45000,13339
1400000U,17031490800,Census Tract 4908,Total population,48081,9319
1400000U,17031490901,Census Tract 4909.01,Total population,33661,5941
1400000U,17031490902,Census Tract 4909.02,Total population,56538,10487
1400000U,17031491000,Census Tract 4910,Total population,21940,5195
1400000U,17031491100,Census Tract 4911,Total population,67891,17369
1400000U,17031491200,Census Tract 4912,Total population,46667,23898
1400000U,17031491300,Census Tract 4913,Total population,36311,17276
1400000U,17031491400,Census Tract 4914,Total population,35437,3848
1400000U,17031500100,Census Tract 5001,Total population,69803,16063
1400000U,17031500200,Census Tract 5002,Total population,32888,12459
1400000U,17031500300,Census Tract 5003,Total population,46685,8314
1400000U,17031510100,Census Tract 5101,Total population,53839,17844
1400000U,17031510200,Census Tract 5102,Total population,46645,24338
1400000U,17031510300,Census Tract 5103,Total population,25805,5166
1400000U,17031520100,Census Tract 5201,Total population,61875,19428
1400000U,17031520200,Census Tract 5202,Total population,53432,21033
1400000U,17031520300,Census Tract 5203,Total population,46471,4998
1400000U,17031520400,Census Tract 5204,Total population,44206,4827
1400000U,17031520500,Census Tract 5205,Total population,73333,20771
1400000U,17031520600,Census Tract 5206,Total population,81742,30353
1400000U,17031530100,Census Tract 5301,Total population,34091,13261
1400000U,17031530200,Census Tract 5302,Total population,39801,11348
1400000U,17031530300,Census Tract 5303,Total population,52485,6072
1400000U,17031530400,Census Tract 5304,Total population,65729,23244
1400000U,17031530501,Census Tract 5305.01,Total population,48426,16513
1400000U,17031530502,Census Tract 5305.02,Total population,66111,17726
1400000U,17031530503,Census Tract 5305.03,Total population,52045,18223
1400000U,17031530600,Census Tract 5306,Total population,37321,28296
1400000U,17031540101,Census Tract 5401.01,Total population,14424,6751
1400000U,17031540102,Census Tract 5401.02,Total population,26518,10976
1400000U,17031550100,Census Tract 5501,Total population,57780,31464
1400000U,17031550200,Census Tract 5502,Total population,62905,12323
1400000U,17031560100,Census Tract 5601,Total population,34688,26409
1400000U,17031560200,Census Tract 5602,Total population,48906,19627
1400000U,17031560300,Census Tract 5603,Total population,56806,18823
1400000U,17031560400,Census Tract 5604,Total population,68750,15998
1400000U,17031560700,Census Tract 5607,Total population,70076,10827
1400000U,17031560800,Census Tract 5608,Total population,95077,14965
1400000U,17031560900,Census Tract 5609,Total population,103375,21798
1400000U,17031561000,Census Tract 5610,Total population,100531,25544
1400000U,17031561100,Census Tract 5611,Total population,97106,18078
1400000U,17031570100,Census Tract 5701,Total population,56471,21221
1400000U,17031570200,Census Tract 5702,Total population,-,**
1400000U,17031570300,Census Tract 5703,Total population,46997,10921
1400000U,17031570400,Census Tract 5704,Total population,64035,10654
1400000U,17031570500,Census Tract 5705,Total population,52222,28447
1400000U,17031580100,Census Tract 5801,Total population,47500,12882
1400000U,17031580200,Census Tract 5802,Total population,45577,14342
1400000U,17031580300,Census Tract 5803,Total population,65742,16567
1400000U,17031580400,Census Tract 5804,Total population,51043,3932
1400000U,17031580501,Census Tract 5805.01,Total population,43819,8460
1400000U,17031580502,Census Tract 5805.02,Total population,41303,12372
1400000U,17031580600,Census Tract 5806,Total population,45975,11120
1400000U,17031580700,Census Tract 5807,Total population,54233,10565
1400000U,17031580800,Census Tract 5808,Total population,52324,8343
1400000U,17031590500,Census Tract 5905,Total population,71641,18716
1400000U,17031590600,Census Tract 5906,Total population,59714,16345
1400000U,17031590700,Census Tract 5907,Total population,70313,29077
1400000U,17031600400,Census Tract 6004,Total population,57637,9178
1400000U,17031600600,Census Tract 6006,Total population,51250,26958
1400000U,17031600700,Census Tract 6007,Total population,60010,22246
1400000U,17031600900,Census Tract 6009,Total population,65617,6017
1400000U,17031610300,Census Tract 6103,Total population,36002,8248
1400000U,17031610400,Census Tract 6104,Total population,44632,9645
1400000U,17031610800,Census Tract 6108,Total population,81064,8363
1400000U,17031611200,Census Tract 6112,Total population,29470,6216
1400000U,17031611300,Census Tract 6113,Total population,40203,14130
1400000U,17031611400,Census Tract 6114,Total population,26583,10981
1400000U,17031611500,Census Tract 6115,Total population,38956,3425
1400000U,17031611600,Census Tract 6116,Total population,20778,8687
1400000U,17031611700,Census Tract 6117,Total population,18000,17363
1400000U,17031611800,Census Tract 6118,Total population,47181,8445
1400000U,17031611900,Census Tract 6119,Total population,31875,15089
1400000U,17031612000,Census Tract 6120,Total population,42292,18371
1400000U,17031612100,Census Tract 6121,Total population,22159,14879
1400000U,17031612200,Census Tract 6122,Total population,36518,12721
1400000U,17031620100,Census Tract 6201,Total population,66447,13600
1400000U,17031620200,Census Tract 6202,Total population,51856,11364
1400000U,17031620300,Census Tract 6203,Total population,58017,19774
1400000U,17031620400,Census Tract 6204,Total population,49185,14800
1400000U,17031630300,Census Tract 6303,Total population,53924,19088
1400000U,17031630400,Census Tract 6304,Total population,33659,7098
1400000U,17031630500,Census Tract 6305,Total population,45167,5907
1400000U,17031630600,Census Tract 6306,Total population,47045,10089
1400000U,17031630800,Census Tract 6308,Total population,57538,6151
1400000U,17031630900,Census Tract 6309,Total population,36154,8593
1400000U,17031640100,Census Tract 6401,Total population,40307,10484
1400000U,17031640300,Census Tract 6403,Total population,64653,13956
1400000U,17031640400,Census Tract 6404,Total population,72839,12908
1400000U,17031640500,Census Tract 6405,Total population,71719,33595
1400000U,17031640600,Census Tract 6406,Total population,65714,14700
1400000U,17031640700,Census Tract 6407,Total population,65529,10215
1400000U,17031640800,Census Tract 6408,Total population,36875,13680
1400000U,17031650100,Census Tract 6501,Total population,53697,15248
1400000U,17031650200,Census Tract 6502,Total population,79957,14054
1400000U,17031650301,Census Tract 6503.01,Total population,63219,8826
1400000U,17031650302,Census Tract 6503.02,Total population,48750,11797
1400000U,17031650400,Census Tract 6504,Total population,61125,7410
1400000U,17031650500,Census Tract 6505,Total population,75275,15797
1400000U,17031660301,Census Tract 6603.01,Total population,22443,3551
1400000U,17031660302,Census Tract 6603.02,Total population,42542,8465
1400000U,17031660400,Census Tract 6604,Total population,45071,13055
1400000U,17031660500,Census Tract 6605,Total population,35242,11627
1400000U,17031660600,Census Tract 6606,Total population,29703,8659
1400000U,17031660700,Census Tract 6607,Total population,27073,11060
1400000U,17031660800,Census Tract 6608,Total population,38973,14630
1400000U,17031660900,Census Tract 6609,Total population,40459,6298
1400000U,17031661000,Census Tract 6610,Total population,41538,8961
1400000U,17031661100,Census Tract 6611,Total population,66786,15768
1400000U,17031670100,Census Tract 6701,Total population,26800,9622
1400000U,17031670300,Census Tract 6703,Total population,25789,11202
1400000U,17031670400,Census Tract 6704,Total population,27139,11524
1400000U,17031670500,Census Tract 6705,Total population,26538,6085
1400000U,17031670600,Census Tract 6706,Total population,22083,9388
1400000U,17031670700,Census Tract 6707,Total population,27413,13580
1400000U,17031670800,Census Tract 6708,Total population,25750,7610
1400000U,17031670900,Census Tract 6709,Total population,27465,11956
1400000U,17031671100,Census Tract 6711,Total population,13060,6330
1400000U,17031671200,Census Tract 6712,Total population,39231,19435
1400000U,17031671300,Census Tract 6713,Total population,27316,11167
1400000U,17031671400,Census Tract 6714,Total population,25981,1205
1400000U,17031671500,Census Tract 6715,Total population,34460,8535
1400000U,17031671600,Census Tract 6716,Total population,17831,4119
1400000U,17031671800,Census Tract 6718,Total population,31061,8969
1400000U,17031671900,Census Tract 6719,Total population,59663,23043
1400000U,17031672000,Census Tract 6720,Total population,39595,23632
1400000U,17031680500,Census Tract 6805,Total population,28438,18096
1400000U,17031680600,Census Tract 6806,Total population,43929,23572
1400000U,17031680900,Census Tract 6809,Total population,20370,7139
1400000U,17031681000,Census Tract 6810,Total population,19919,10004
1400000U,17031681100,Census Tract 6811,Total population,29031,6319
1400000U,17031681200,Census Tract 6812,Total population,16538,6361
1400000U,17031681300,Census Tract 6813,Total population,16209,3497
1400000U,17031681400,Census Tract 6814,Total population,49119,13394
1400000U,17031690300,Census Tract 6903,Total population,-,**
1400000U,17031690400,Census Tract 6904,Total population,23389,5013
1400000U,17031690500,Census Tract 6905,Total population,40179,16019
1400000U,17031690900,Census Tract 6909,Total population,35960,18380
1400000U,17031691000,Census Tract 6910,Total population,46683,19891
1400000U,17031691100,Census Tract 6911,Total population,31402,15801
1400000U,17031691200,Census Tract 6912,Total population,33656,13434
1400000U,17031691300,Census Tract 6913,Total population,38472,27538
1400000U,17031691400,Census Tract 6914,Total population,42841,25078
1400000U,17031691500,Census Tract 6915,Total population,20109,1891
1400000U,17031700100,Census Tract 7001,Total population,71397,25667
1400000U,17031700200,Census Tract 7002,Total population,78581,21054
1400000U,17031700301,Census Tract 7003.01,Total population,69909,12044
1400000U,17031700302,Census Tract 7003.02,Total population,77885,12010
1400000U,17031700401,Census Tract 7004.01,Total population,69255,26687
1400000U,17031700402,Census Tract 7004.02,Total population,71506,10383
1400000U,17031700501,Census Tract 7005.01,Total population,64250,3074
1400000U,17031700502,Census Tract 7005.02,Total population,83419,10059
1400000U,17031710100,Census Tract 7101,Total population,20797,6604
1400000U,17031710200,Census Tract 7102,Total population,27016,6937
1400000U,17031710300,Census Tract 7103,Total population,50284,11225
1400000U,17031710400,Census Tract 7104,Total population,36827,12523
1400000U,17031710500,Census Tract 7105,Total population,34555,7962
1400000U,17031710600,Census Tract 7106,Total population,37926,16292
1400000U,17031710700,Census Tract 7107,Total population,34097,10155
1400000U,17031710800,Census Tract 7108,Total population,25147,9937
1400000U,17031710900,Census Tract 7109,Total population,38462,6873
1400000U,17031711000,Census Tract 7110,Total population,52938,8492
1400000U,17031711100,Census Tract 7111,Total population,47198,20044
1400000U,17031711200,Census Tract 7112,Total population,55385,15917
1400000U,17031711300,Census Tract 7113,Total population,56444,13614
1400000U,17031711400,Census Tract 7114,Total population,43111,5217
1400000U,17031711500,Census Tract 7115,Total population,49639,9343
1400000U,17031720100,Census Tract 7201,Total population,149194,12640
1400000U,17031720200,Census Tract 7202,Total population,95789,24119
1400000U,17031720300,Census Tract 7203,Total population,124836,21449
1400000U,17031720400,Census Tract 7204,Total population,106146,15049
1400000U,17031720500,Census Tract 7205,Total population,107727,23684
1400000U,17031720600,Census Tract 7206,Total population,123438,21626
1400000U,17031720700,Census Tract 7207,Total population,90625,31111
1400000U,17031730100,Census Tract 7301,Total population,48625,30866
1400000U,17031730201,Census Tract 7302.01,Total population,45481,18546
1400000U,17031730202,Census Tract 7302.02,Total population,68164,26630
1400000U,17031730300,Census Tract 7303,Total population,41571,4927
1400000U,17031730400,Census Tract 7304,Total population,82838,19968
1400000U,17031730500,Census Tract 7305,Total population,58254,6753
1400000U,17031730600,Census Tract 7306,Total population,58576,7869
1400000U,17031730700,Census Tract 7307,Total population,52652,20531
1400000U,17031740100,Census Tract 7401,Total population,95701,14155
1400000U,17031740200,Census Tract 7402,Total population,109365,8129
1400000U,17031740300,Census Tract 7403,Total population,125380,28953
1400000U,17031740400,Census Tract 7404,Total population,97750,23318
1400000U,17031750100,Census Tract 7501,Total population,50625,26157
1400000U,17031750200,Census Tract 7502,Total population,71228,20921
1400000U,17031750300,Census Tract 7503,Total population,100938,22360
1400000U,17031750400,Census Tract 7504,Total population,103785,13141
1400000U,17031750500,Census Tract 7505,Total population,54058,15887
1400000U,17031750600,Census Tract 7506,Total population,52833,14023
1400000U,17031760801,Census Tract 7608.01,Total population,71215,11593
1400000U,17031760802,Census Tract 7608.02,Total population,66193,28297
1400000U,17031760803,Census Tract 7608.03,Total population,52110,11364
1400000U,17031770201,Census Tract 7702.01,Total population,80853,5835
1400000U,17031770202,Census Tract 7702.02,Total population,77235,15929
1400000U,17031770300,Census Tract 7703,Total population,83885,16905
1400000U,17031770400,Census Tract 7704,Total population,88029,15043
1400000U,17031770500,Census Tract 7705,Total population,49349,7529
1400000U,17031770601,Census Tract 7706.01,Total population,96125,46388
1400000U,17031770602,Census Tract 7706.02,Total population,78800,15495
1400000U,17031770700,Census Tract 7707,Total population,60547,12798
1400000U,17031770800,Census Tract 7708,Total population,67722,20625
1400000U,17031770901,Census Tract 7709.01,Total population,94188,21094
1400000U,17031770902,Census Tract 7709.02,Total population,78809,11446
1400000U,17031800100,Census Tract 8001,Total population,238542,68507
1400000U,17031800200,Census Tract 8002,Total population,208365,85038
1400000U,17031800300,Census Tract 8003,Total population,224808,44112
1400000U,17031800400,Census Tract 8004,Total population,"250,000+",***
1400000U,17031800500,Census Tract 8005,Total population,"250,000+",***
1400000U,17031800600,Census Tract 8006,Total population,"250,000+",***
1400000U,17031800700,Census Tract 8007,Total population,230972,39801
1400000U,17031800800,Census Tract 8008,Total population,105417,32581
1400000U,17031800900,Census Tract 8009,Total population,117208,17491
1400000U,17031801000,Census Tract 8010,Total population,138897,31456
1400000U,17031801100,Census Tract 8011,Total population,215694,24480
1400000U,17031801200,Census Tract 8012,Total population,236250,39834
1400000U,17031801300,Census Tract 8013,Total population,131848,51764
1400000U,17031801400,Census Tract 8014,Total population,151661,7120
1400000U,17031801500,Census Tract 8015,Total population,124488,16041
1400000U,17031801601,Census Tract 8016.01,Total population,86250,12577
1400000U,17031801603,Census Tract 8016.03,Total population,65417,18148
1400000U,17031801605,Census Tract 8016.05,Total population,167045,28380
1400000U,17031801606,Census Tract 8016.06,Total population,148133,29670
1400000U,17031801607,Census Tract 8016.07,Total population,129750,21144
1400000U,17031801608,Census Tract 8016.08,Total population,124855,23578
1400000U,17031801701,Census Tract 8017.01,Total population,205324,14290
1400000U,17031801702,Census Tract 8017.02,Total population,171694,37177
1400000U,17031801800,Census Tract 8018,Total population,162468,69546
1400000U,17031801901,Census Tract 8019.01,Total population,94938,9768
1400000U,17031801902,Census Tract 8019.02,Total population,173844,30425
1400000U,17031802002,Census Tract 8020.02,Total population,136058,32482
1400000U,17031802003,Census Tract 8020.03,Total population,129250,13734
1400000U,17031802004,Census Tract 8020.04,Total population,36639,6754
1400000U,17031802100,Census Tract 8021,Total population,129423,33533
1400000U,17031802200,Census Tract 8022,Total population,146818,20927
1400000U,17031802300,Census Tract 8023,Total population,108246,25232
1400000U,17031802402,Census Tract 8024.02,Total population,72353,18341
1400000U,17031802403,Census Tract 8024.03,Total population,69737,4642
1400000U,17031802404,Census Tract 8024.04,Total population,59919,13550
1400000U,17031802503,Census Tract 8025.03,Total population,97050,23271
1400000U,17031802504,Census Tract 8025.04,Total population,82800,9757
1400000U,17031802505,Census Tract 8025.05,Total population,65570,9107
1400000U,17031802506,Census Tract 8025.06,Total population,85905,7510
1400000U,17031802605,Census Tract 8026.05,Total population,104762,16287
1400000U,17031802607,Census Tract 8026.07,Total population,122500,25631
1400000U,17031802608,Census Tract 8026.08,Total population,79820,13242
1400000U,17031802609,Census Tract 8026.09,Total population,56045,9992
1400000U,17031802610,Census Tract 8026.10,Total population,116148,14339
1400000U,17031802701,Census Tract 8027.01,Total population,109151,11546
1400000U,17031802702,Census Tract 8027.02,Total population,105966,10268
1400000U,17031802801,Census Tract 8028.01,Total population,120721,4511
1400000U,17031802802,Census Tract 8028.02,Total population,122095,24723
1400000U,17031802900,Census Tract 8029,Total population,146630,32205
1400000U,17031803005,Census Tract 8030.05,Total population,92202,24267
1400000U,17031803007,Census Tract 8030.07,Total population,93659,15521
1400000U,17031803008,Census Tract 8030.08,Total population,137961,17832
1400000U,17031803010,Census Tract 8030.10,Total population,119712,13902
1400000U,17031803012,Census Tract 8030.12,Total population,76089,10523
1400000U,17031803013,Census Tract 8030.13,Total population,93938,22017
1400000U,17031803014,Census Tract 8030.14,Total population,71106,7451
1400000U,17031803015,Census Tract 8030.15,Total population,98793,13201
1400000U,17031803016,Census Tract 8030.16,Total population,113819,15576
1400000U,17031803017,Census Tract 8030.17,Total population,93693,11781
1400000U,17031803100,Census Tract 8031,Total population,132539,21990
1400000U,17031803200,Census Tract 8032,Total population,96330,25210
1400000U,17031803300,Census Tract 8033,Total population,113558,13144
1400000U,17031803400,Census Tract 8034,Total population,128063,14448
1400000U,17031803500,Census Tract 8035,Total population,130933,13045
1400000U,17031803603,Census Tract 8036.03,Total population,179123,17370
1400000U,17031803604,Census Tract 8036.04,Total population,82822,7569
1400000U,17031803605,Census Tract 8036.05,Total population,84722,26408
1400000U,17031803607,Census Tract 8036.07,Total population,108373,3349
1400000U,17031803608,Census Tract 8036.08,Total population,87167,23639
1400000U,17031803611,Census Tract 8036.11,Total population,68319,15779
1400000U,17031803612,Census Tract 8036.12,Total population,62917,6333
1400000U,17031803613,Census Tract 8036.13,Total population,63714,11359
1400000U,17031803614,Census Tract 8036.14,Total population,45288,9948
1400000U,17031803615,Census Tract 8036.15,Total population,73917,19369
1400000U,17031803616,Census Tract 8036.16,Total population,83535,25201
1400000U,17031803701,Census Tract 8037.01,Total population,85326,15474
1400000U,17031803702,Census Tract 8037.02,Total population,124023,24917
1400000U,17031803800,Census Tract 8038,Total population,108500,23658
1400000U,17031803901,Census Tract 8039.01,Total population,78608,15913
1400000U,17031803902,Census Tract 8039.02,Total population,96417,12359
1400000U,17031804000,Census Tract 8040,Total population,81804,6656
1400000U,17031804102,Census Tract 8041.02,Total population,145938,25191
1400000U,17031804104,Census Tract 8041.04,Total population,139583,12130
1400000U,17031804105,Census Tract 8041.05,Total population,142866,14324
1400000U,17031804106,Census Tract 8041.06,Total population,130191,7109
1400000U,17031804108,Census Tract 8041.08,Total population,86420,19411
1400000U,17031804109,Census Tract 8041.09,Total population,148393,32656
1400000U,17031804202,Census Tract 8042.02,Total population,159276,12529
1400000U,17031804203,Census Tract 8042.03,Total population,187768,86516
1400000U,17031804204,Census Tract 8042.04,Total population,133542,38148
1400000U,17031804305,Census Tract 8043.05,Total population,72250,21892
1400000U,17031804306,Census Tract 8043.06,Total population,76708,14549
1400000U,17031804308,Census Tract 8043.08,Total population,74762,13491
1400000U,17031804309,Census Tract 8043.09,Total population,78041,14122
1400000U,17031804312,Census Tract 8043.12,Total population,142813,25212
1400000U,17031804313,Census Tract 8043.13,Total population,112750,18013
1400000U,17031804314,Census Tract 8043.14,Total population,103487,34002
1400000U,17031804315,Census Tract 8043.15,Total population,101754,13353
1400000U,17031804316,Census Tract 8043.16,Total population,102745,11981
1400000U,17031804403,Census Tract 8044.03,Total population,81389,16169
1400000U,17031804404,Census Tract 8044.04,Total population,85484,14129
1400000U,17031804405,Census Tract 8044.05,Total population,70551,4652
1400000U,17031804406,Census Tract 8044.06,Total population,80318,8166
1400000U,17031804505,Census Tract 8045.05,Total population,71285,8391
1400000U,17031804506,Census Tract 8045.06,Total population,119025,12999
1400000U,17031804508,Census Tract 8045.08,Total population,61900,17796
1400000U,17031804509,Census Tract 8045.09,Total population,86053,12023
1400000U,17031804510,Census Tract 8045.10,Total population,72132,12595
1400000U,17031804511,Census Tract 8045.11,Total population,59904,10065
1400000U,17031804512,Census Tract 8045.12,Total population,145487,14253
1400000U,17031804513,Census Tract 8045.13,Total population,115067,30928
1400000U,17031804514,Census Tract 8045.14,Total population,95947,29912
1400000U,17031804603,Census Tract 8046.03,Total population,77807,15591
1400000U,17031804606,Census Tract 8046.06,Total population,120870,17407
1400000U,17031804607,Census Tract 8046.07,Total population,115994,25174
1400000U,17031804608,Census Tract 8046.08,Total population,113462,28283
1400000U,17031804609,Census Tract 8046.09,Total population,97489,20355
1400000U,17031804610,Census Tract 8046.10,Total population,73125,10918
1400000U,17031804611,Census Tract 8046.11,Total population,78889,9648
1400000U,17031804701,Census Tract 8047.01,Total population,73214,9550
1400000U,17031804705,Census Tract 8047.05,Total population,70759,8045
1400000U,17031804706,Census Tract 8047.06,Total population,118333,19223
1400000U,17031804709,Census Tract 8047.09,Total population,82609,15259
1400000U,17031804710,Census Tract 8047.10,Total population,95705,17722
1400000U,17031804711,Census Tract 8047.11,Total population,73887,9449
1400000U,17031804712,Census Tract 8047.12,Total population,90653,11785
1400000U,17031804713,Census Tract 8047.13,Total population,86951,14465
1400000U,17031804714,Census Tract 8047.14,Total population,90417,13763
1400000U,17031804715,Census Tract 8047.15,Total population,53971,11895
1400000U,17031804716,Census Tract 8047.16,Total population,99500,9181
1400000U,17031804803,Census Tract 8048.03,Total population,81023,6180
1400000U,17031804804,Census Tract 8048.04,Total population,71789,16682
1400000U,17031804805,Census Tract 8048.05,Total population,100742,13681
1400000U,17031804806,Census Tract 8048.06,Total population,81612,12557
1400000U,17031804807,Census Tract 8048.07,Total population,93201,10516
1400000U,17031804808,Census Tract 8048.08,Total population,122604,18217
1400000U,17031804809,Census Tract 8048.09,Total population,100104,22391
1400000U,17031804810,Census Tract 8048.10,Total population,73560,18901
1400000U,17031804901,Census Tract 8049.01,Total population,124375,7670
1400000U,17031804902,Census Tract 8049.02,Total population,113148,9528
1400000U,17031805001,Census Tract 8050.01,Total population,124547,13559
1400000U,17031805002,Census Tract 8050.02,Total population,65301,14443
1400000U,17031805105,Census Tract 8051.05,Total population,66642,9346
1400000U,17031805106,Census Tract 8051.06,Total population,71948,8669
1400000U,17031805107,Census Tract 8051.07,Total population,64545,17786
1400000U,17031805108,Census Tract 8051.08,Total population,67724,6381
1400000U,17031805109,Census Tract 8051.09,Total population,90000,25510
1400000U,17031805110,Census Tract 8051.10,Total population,91688,4662
1400000U,17031805111,Census Tract 8051.11,Total population,65641,14409
1400000U,17031805112,Census Tract 8051.12,Total population,63906,14523
1400000U,17031805201,Census Tract 8052.01,Total population,100200,17450
1400000U,17031805202,Census Tract 8052.02,Total population,85000,18114
1400000U,17031805301,Census Tract 8053.01,Total population,82974,27783
1400000U,17031805302,Census Tract 8053.02,Total population,95611,22454
1400000U,17031805401,Census Tract 8054.01,Total population,84805,22170
1400000U,17031805402,Census Tract 8054.02,Total population,92063,12090
1400000U,17031805501,Census Tract 8055.01,Total population,114088,21368
1400000U,17031805502,Census Tract 8055.02,Total population,134750,17549
1400000U,17031805600,Census Tract 8056,Total population,155347,19290
1400000U,17031805701,Census Tract 8057.01,Total population,144767,21741
1400000U,17031805702,Census Tract 8057.02,Total population,141875,27486
1400000U,17031805801,Census Tract 8058.01,Total population,110233,17632
1400000U,17031805802,Census Tract 8058.02,Total population,117984,24806
1400000U,17031805901,Census Tract 8059.01,Total population,79547,13887
1400000U,17031805902,Census Tract 8059.02,Total population,117900,22470
1400000U,17031806001,Census Tract 8060.01,Total population,49842,13821
1400000U,17031806002,Census Tract 8060.02,Total population,60280,12612
1400000U,17031806004,Census Tract 8060.04,Total population,58369,11799
1400000U,17031806005,Census Tract 8060.05,Total population,93018,29253
1400000U,17031806006,Census Tract 8060.06,Total population,64206,9481
1400000U,17031806102,Census Tract 8061.02,Total population,92431,14215
1400000U,17031806103,Census Tract 8061.03,Total population,92182,17038
1400000U,17031806104,Census Tract 8061.04,Total population,41354,15138
1400000U,17031806201,Census Tract 8062.01,Total population,61621,4370
1400000U,17031806202,Census Tract 8062.02,Total population,68376,5043
1400000U,17031806300,Census Tract 8063,Total population,103171,19266
1400000U,17031806400,Census Tract 8064,Total population,108529,9589
1400000U,17031806501,Census Tract 8065.01,Total population,52279,21252
1400000U,17031806502,Census Tract 8065.02,Total population,68500,9378
1400000U,17031806600,Census Tract 8066,Total population,86739,13102
1400000U,17031806700,Census Tract 8067,Total population,106528,34044
1400000U,17031806801,Census Tract 8068.01,Total population,72861,8501
1400000U,17031806802,Census Tract 8068.02,Total population,85813,32961
1400000U,17031806900,Census Tract 8069,Total population,71406,18456
1400000U,17031807000,Census Tract 8070,Total population,52986,23909
1400000U,17031807100,Census Tract 8071,Total population,129766,23417
1400000U,17031807200,Census Tract 8072,Total population,93958,22185
1400000U,17031807300,Census Tract 8073,Total population,68932,6566
1400000U,17031807400,Census Tract 8074,Total population,79441,12344
1400000U,17031807500,Census Tract 8075,Total population,121144,8838
1400000U,17031807600,Census Tract 8076,Total population,86272,22996
1400000U,17031807700,Census Tract 8077,Total population,64569,35392
1400000U,17031807800,Census Tract 8078,Total population,126927,26966
1400000U,17031807900,Census Tract 8079,Total population,109808,27841
1400000U,17031808001,Census Tract 8080.01,Total population,101076,19330
1400000U,17031808002,Census Tract 8080.02,Total population,80730,9208
1400000U,17031808100,Census Tract 8081,Total population,49946,17169
1400000U,17031808200,Census Tract 8082,Total population,85111,7216
1400000U,17031808301,Census Tract 8083.01,Total population,61034,25106
1400000U,17031808302,Census Tract 8083.02,Total population,70521,18502
1400000U,17031808400,Census Tract 8084,Total population,107700,20208
1400000U,17031808500,Census Tract 8085,Total population,112361,9056
1400000U,17031808600,Census Tract 8086,Total population,152833,19309
1400000U,17031808702,Census Tract 8087.02,Total population,63333,28849
1400000U,17031808800,Census Tract 8088,Total population,142750,24471
1400000U,17031808900,Census Tract 8089,Total population,170089,32652
1400000U,17031809000,Census Tract 8090,Total population,179609,18391
1400000U,17031809100,Census Tract 8091,Total population,117500,26919
1400000U,17031809200,Census Tract 8092,Total population,45709,10959
1400000U,17031809300,Census Tract 8093,Total population,38385,9141
1400000U,17031809401,Census Tract 8094.01,Total population,84844,52928
1400000U,17031809402,Census Tract 8094.02,Total population,64318,23951
1400000U,17031809500,Census Tract 8095,Total population,65594,18503
1400000U,17031809600,Census Tract 8096,Total population,52031,49925
1400000U,17031809700,Census Tract 8097,Total population,127330,15580
1400000U,17031809800,Census Tract 8098,Total population,87685,58272
1400000U,17031809900,Census Tract 8099,Total population,112266,18048
1400000U,17031810000,Census Tract 8100,Total population,110091,19657
1400000U,17031810100,Census Tract 8101,Total population,88095,13707
1400000U,17031810200,Census Tract 8102,Total population,68398,10714
1400000U,17031810301,Census Tract 8103.01,Total population,81717,8994
1400000U,17031810302,Census Tract 8103.02,Total population,97163,27842
1400000U,17031810400,Census Tract 8104,Total population,125000,28909
1400000U,17031810501,Census Tract 8105.01,Total population,77868,17678
1400000U,17031810502,Census Tract 8105.02,Total population,79432,21503
1400000U,17031810600,Census Tract 8106,Total population,64044,12330
1400000U,17031810701,Census Tract 8107.01,Total population,55222,16616
1400000U,17031810702,Census Tract 8107.02,Total population,66827,12523
1400000U,17031810800,Census Tract 8108,Total population,89352,6381
1400000U,17031810900,Census Tract 8109,Total population,47983,12857
1400000U,17031811000,Census Tract 8110,Total population,94612,12129
1400000U,17031811100,Census Tract 8111,Total population,60754,16312
1400000U,17031811200,Census Tract 8112,Total population,73008,10193
1400000U,17031811301,Census Tract 8113.01,Total population,64806,7919
1400000U,17031811302,Census Tract 8113.02,Total population,52865,12858
1400000U,17031811401,Census Tract 8114.01,Total population,77105,13723
1400000U,17031811402,Census Tract 8114.02,Total population,67317,10779
1400000U,17031811500,Census Tract 8115,Total population,83516,17886
1400000U,17031811600,Census Tract 8116,Total population,55809,11576
1400000U,17031811701,Census Tract 8117.01,Total population,64094,8073
1400000U,17031811702,Census Tract 8117.02,Total population,49732,14991
1400000U,17031811800,Census Tract 8118,Total population,85838,8494
1400000U,17031811900,Census Tract 8119,Total population,145202,43814
1400000U,17031812000,Census Tract 8120,Total population,126109,16035
1400000U,17031812100,Census Tract 8121,Total population,107133,30075
1400000U,17031812200,Census Tract 8122,Total population,211354,53230
1400000U,17031812301,Census Tract 8123.01,Total population,84432,11176
1400000U,17031812302,Census Tract 8123.02,Total population,138092,47265
1400000U,17031812400,Census Tract 8124,Total population,223125,40585
1400000U,17031812500,Census Tract 8125,Total population,66720,4848
1400000U,17031812600,Census Tract 8126,Total population,63906,6992
1400000U,17031812700,Census Tract 8127,Total population,72500,20412
1400000U,17031812801,Census Tract 8128.01,Total population,65281,4635
1400000U,17031812802,Census Tract 8128.02,Total population,87803,16335
1400000U,17031812900,Census Tract 8129,Total population,140854,11103
1400000U,17031813000,Census Tract 8130,Total population,137344,20593
1400000U,17031813100,Census Tract 8131,Total population,115086,16434
1400000U,17031813200,Census Tract 8132,Total population,141563,28785
1400000U,17031813301,Census Tract 8133.01,Total population,49500,19116
1400000U,17031813302,Census Tract 8133.02,Total population,50404,10275
1400000U,17031813400,Census Tract 8134,Total population,62246,8613
1400000U,17031813500,Census Tract 8135,Total population,64188,9079
1400000U,17031813600,Census Tract 8136,Total population,61522,11308
1400000U,17031813701,Census Tract 8137.01,Total population,54853,12851
1400000U,17031813702,Census Tract 8137.02,Total population,73125,26768
1400000U,17031813801,Census Tract 8138.01,Total population,44080,9366
1400000U,17031813802,Census Tract 8138.02,Total population,52379,14762
1400000U,17031813900,Census Tract 8139,Total population,54036,15347
1400000U,17031814000,Census Tract 8140,Total population,70294,17777
1400000U,17031814100,Census Tract 8141,Total population,44135,7374
1400000U,17031814200,Census Tract 8142,Total population,58891,4101
1400000U,17031814300,Census Tract 8143,Total population,47355,2619
1400000U,17031814400,Census Tract 8144,Total population,57019,13053
1400000U,17031814500,Census Tract 8145,Total population,74151,7802
1400000U,17031814600,Census Tract 8146,Total population,84261,20537
1400000U,17031814700,Census Tract 8147,Total population,76750,16175
1400000U,17031814800,Census Tract 8148,Total population,58387,4074
1400000U,17031814900,Census Tract 8149,Total population,51529,11282
1400000U,17031815000,Census Tract 8150,Total population,70505,9808
1400000U,17031815100,Census Tract 8151,Total population,72347,12302
1400000U,17031815200,Census Tract 8152,Total population,58568,15494
1400000U,17031815300,Census Tract 8153,Total population,89071,14724
1400000U,17031815400,Census Tract 8154,Total population,57868,25253
1400000U,17031815500,Census Tract 8155,Total population,76929,14340
1400000U,17031815600,Census Tract 8156,Total population,58709,22033
1400000U,17031815701,Census Tract 8157.01,Total population,136994,11516
1400000U,17031815702,Census Tract 8157.02,Total population,125115,22926
1400000U,17031815800,Census Tract 8158,Total population,98920,20341
1400000U,17031815900,Census Tract 8159,Total population,73318,14206
1400000U,17031816000,Census Tract 8160,Total population,91000,17796
1400000U,17031816100,Census Tract 8161,Total population,54602,12813
1400000U,17031816200,Census Tract 8162,Total population,74281,13156
1400000U,17031816300,Census Tract 8163,Total population,63973,10899
1400000U,17031816401,Census Tract 8164.01,Total population,63326,15657
1400000U,17031816402,Census Tract 8164.02,Total population,57279,12560
1400000U,17031816500,Census Tract 8165,Total population,45705,8767
1400000U,17031816600,Census Tract 8166,Total population,68154,6750
1400000U,17031816700,Census Tract 8167,Total population,60531,18588
1400000U,17031816800,Census Tract 8168,Total population,73137,4903
1400000U,17031816900,Census Tract 8169,Total population,83077,13352
1400000U,17031817000,Census Tract 8170,Total population,59236,11784
1400000U,17031817101,Census Tract 8171.01,Total population,53902,18238
1400000U,17031817102,Census Tract 8171.02,Total population,65186,23832
1400000U,17031817200,Census Tract 8172,Total population,42880,13407
1400000U,17031817300,Census Tract 8173,Total population,53950,7119
1400000U,17031817400,Census Tract 8174,Total population,83404,13505
1400000U,17031817500,Census Tract 8175,Total population,58480,23869
1400000U,17031817600,Census Tract 8176,Total population,41495,8226
1400000U,17031817700,Census Tract 8177,Total population,75072,12193
1400000U,17031817900,Census Tract 8179,Total population,57320,12600
1400000U,17031818000,Census Tract 8180,Total population,47348,19806
1400000U,17031818100,Census Tract 8181,Total population,110208,22894
1400000U,17031818200,Census Tract 8182,Total population,103906,19655
1400000U,17031818300,Census Tract 8183,Total population,69606,10348
1400000U,17031818401,Census Tract 8184.01,Total population,61667,8913
1400000U,17031818402,Census Tract 8184.02,Total population,77667,17077
1400000U,17031818500,Census Tract 8185,Total population,93161,17133
1400000U,17031818600,Census Tract 8186,Total population,95404,12555
1400000U,17031818700,Census Tract 8187,Total population,106063,15513
1400000U,17031818800,Census Tract 8188,Total population,101771,19031
1400000U,17031818900,Census Tract 8189,Total population,88203,13836
1400000U,17031819000,Census Tract 8190,Total population,157188,18062
1400000U,17031819100,Census Tract 8191,Total population,45205,11929
1400000U,17031819200,Census Tract 8192,Total population,87722,20633
1400000U,17031819300,Census Tract 8193,Total population,81993,14228
1400000U,17031819400,Census Tract 8194,Total population,73333,26248
1400000U,17031819500,Census Tract 8195,Total population,77475,9479
1400000U,17031819600,Census Tract 8196,Total population,183068,30787
1400000U,17031819700,Census Tract 8197,Total population,143542,44356
1400000U,17031819801,Census Tract 8198.01,Total population,189861,30533
1400000U,17031819802,Census Tract 8198.02,Total population,171250,16040
1400000U,17031819900,Census Tract 8199,Total population,207692,32256
1400000U,17031820000,Census Tract 8200,Total population,223250,54477
1400000U,17031820101,Census Tract 8201.01,Total population,125607,15504
1400000U,17031820103,Census Tract 8201.03,Total population,79108,2453
1400000U,17031820104,Census Tract 8201.04,Total population,78088,16357
1400000U,17031820202,Census Tract 8202.02,Total population,67664,6503
1400000U,17031820203,Census Tract 8202.03,Total population,127823,35426
1400000U,17031820204,Census Tract 8202.04,Total population,113218,43309
1400000U,17031820300,Census Tract 8203,Total population,58529,15491
1400000U,17031820400,Census Tract 8204,Total population,45515,7309
1400000U,17031820501,Census Tract 8205.01,Total population,66194,11153
1400000U,17031820502,Census Tract 8205.02,Total population,56108,12756
1400000U,17031820603,Census Tract 8206.03,Total population,64243,8148
1400000U,17031820604,Census Tract 8206.04,Total population,44462,7644
1400000U,17031820605,Census Tract 8206.05,Total population,50313,12010
1400000U,17031820606,Census Tract 8206.06,Total population,88333,16448
1400000U,17031820700,Census Tract 8207,Total population,61507,12547
1400000U,17031820800,Census Tract 8208,Total population,76936,6244
1400000U,17031820901,Census Tract 8209.01,Total population,66726,8599
1400000U,17031820902,Census Tract 8209.02,Total population,95388,19258
1400000U,17031821001,Census Tract 8210.01,Total population,53802,7445
1400000U,17031821002,Census Tract 8210.02,Total population,64167,14030
1400000U,17031821101,Census Tract 8211.01,Total population,76198,8843
1400000U,17031821102,Census Tract 8211.02,Total population,72778,15917
1400000U,17031821200,Census Tract 8212,Total population,36502,8779
1400000U,17031821300,Census Tract 8213,Total population,43783,15165
1400000U,17031821401,Census Tract 8214.01,Total population,50306,10617
1400000U,17031821402,Census Tract 8214.02,Total population,61510,10926
1400000U,17031821500,Census Tract 8215,Total population,23000,10409
1400000U,17031821600,Census Tract 8216,Total population,74847,5719
1400000U,17031821700,Census Tract 8217,Total population,90938,14519
1400000U,17031821800,Census Tract 8218,Total population,78075,16585
1400000U,17031821900,Census Tract 8219,Total population,93720,15885
1400000U,17031822000,Census Tract 8220,Total population,52639,4046
1400000U,17031822101,Census Tract 8221.01,Total population,70613,5802
1400000U,17031822102,Census Tract 8221.02,Total population,65321,22382
1400000U,17031822200,Census Tract 8222,Total population,80313,14182
1400000U,17031822301,Census Tract 8223.01,Total population,88375,30603
1400000U,17031822302,Census Tract 8223.02,Total population,58224,20176
1400000U,17031822400,Census Tract 8224,Total population,54299,13246
1400000U,17031822500,Census Tract 8225,Total population,81569,18020
1400000U,17031822601,Census Tract 8226.01,Total population,76736,15052
1400000U,17031822602,Census Tract 8226.02,Total population,74231,23261
1400000U,17031822701,Census Tract 8227.01,Total population,63990,13394
1400000U,17031822702,Census Tract 8227.02,Total population,67568,6992
1400000U,17031822801,Census Tract 8228.01,Total population,82742,17160
1400000U,17031822802,Census Tract 8228.02,Total population,91691,38333
1400000U,17031822900,Census Tract 8229,Total population,53750,13854
1400000U,17031823001,Census Tract 8230.01,Total population,56234,9533
1400000U,17031823002,Census Tract 8230.02,Total population,66486,32310
1400000U,17031823101,Census Tract 8231.01,Total population,49425,5622
1400000U,17031823102,Census Tract 8231.02,Total population,75210,15540
1400000U,17031823200,Census Tract 8232,Total population,59899,14273
1400000U,17031823302,Census Tract 8233.02,Total population,49336,8725
1400000U,17031823303,Census Tract 8233.03,Total population,78449,12460
1400000U,17031823304,Census Tract 8233.04,Total population,50739,8879
1400000U,17031823400,Census Tract 8234,Total population,58944,6817
1400000U,17031823500,Census Tract 8235,Total population,57660,13399
1400000U,17031823602,Census Tract 8236.02,Total population,72837,7829
1400000U,17031823603,Census Tract 8236.03,Total population,64263,19079
1400000U,17031823604,Census Tract 8236.04,Total population,106250,19676
1400000U,17031823605,Census Tract 8236.05,Total population,87458,22047
1400000U,17031823702,Census Tract 8237.02,Total population,79805,18020
1400000U,17031823703,Census Tract 8237.03,Total population,62337,6278
1400000U,17031823704,Census Tract 8237.04,Total population,94109,9941
1400000U,17031823705,Census Tract 8237.05,Total population,65403,15435
1400000U,17031823801,Census Tract 8238.01,Total population,110671,16898
1400000U,17031823803,Census Tract 8238.03,Total population,75482,30269
1400000U,17031823805,Census Tract 8238.05,Total population,56923,18395
1400000U,17031823806,Census Tract 8238.06,Total population,51943,6696
1400000U,17031823901,Census Tract 8239.01,Total population,113205,18096
1400000U,17031823903,Census Tract 8239.03,Total population,106694,21699
1400000U,17031823904,Census Tract 8239.04,Total population,106607,19042
1400000U,17031824003,Census Tract 8240.03,Total population,103117,27251
1400000U,17031824004,Census Tract 8240.04,Total population,96914,10876
1400000U,17031824005,Census Tract 8240.05,Total population,127061,24532
1400000U,17031824006,Census Tract 8240.06,Total population,150985,18140
1400000U,17031824105,Census Tract 8241.05,Total population,102859,17332
1400000U,17031824106,Census Tract 8241.06,Total population,93739,11497
1400000U,17031824107,Census Tract 8241.07,Total population,79442,19948
1400000U,17031824113,Census Tract 8241.13,Total population,108239,13469
1400000U,17031824114,Census Tract 8241.14,Total population,124125,22222
1400000U,17031824115,Census Tract 8241.15,Total population,88041,27728
1400000U,17031824116,Census Tract 8241.16,Total population,69020,11439
1400000U,17031824119,Census Tract 8241.19,Total population,95697,9780
1400000U,17031824121,Census Tract 8241.21,Total population,85122,5332
1400000U,17031824122,Census Tract 8241.22,Total population,102676,19796
1400000U,17031824123,Census Tract 8241.23,Total population,87393,12228
1400000U,17031824124,Census Tract 8241.24,Total population,82592,10744
1400000U,17031824125,Census Tract 8241.25,Total population,110560,18099
1400000U,17031824126,Census Tract 8241.26,Total population,155069,22150
1400000U,17031824127,Census Tract 8241.27,Total population,104833,28890
1400000U,17031824128,Census Tract 8241.28,Total population,87734,23573
1400000U,17031824129,Census Tract 8241.29,Total population,88101,5845
1400000U,17031824300,Census Tract 8243,Total population,34087,14112
1400000U,17031824400,Census Tract 8244,Total population,42891,20667
1400000U,17031824503,Census Tract 8245.03,Total population,72772,9398
1400000U,17031824505,Census Tract 8245.05,Total population,66810,6797
1400000U,17031824507,Census Tract 8245.07,Total population,81196,14506
1400000U,17031824508,Census Tract 8245.08,Total population,63065,8791
1400000U,17031824509,Census Tract 8245.09,Total population,105650,17428
1400000U,17031824601,Census Tract 8246.01,Total population,82660,7143
1400000U,17031824602,Census Tract 8246.02,Total population,68021,19349
1400000U,17031824701,Census Tract 8247.01,Total population,52222,20806
1400000U,17031824702,Census Tract 8247.02,Total population,53467,9380
1400000U,17031824800,Census Tract 8248,Total population,52211,8771
1400000U,17031824900,Census Tract 8249,Total population,40833,7303
1400000U,17031825000,Census Tract 8250,Total population,66857,13757
1400000U,17031825200,Census Tract 8252,Total population,79286,19126
1400000U,17031825302,Census Tract 8253.02,Total population,85800,12734
1400000U,17031825303,Census Tract 8253.03,Total population,70441,11229
1400000U,17031825304,Census Tract 8253.04,Total population,85865,6366
1400000U,17031825400,Census Tract 8254,Total population,71528,20747
1400000U,17031825501,Census Tract 8255.01,Total population,54313,9898
1400000U,17031825503,Census Tract 8255.03,Total population,62397,23177
1400000U,17031825504,Census Tract 8255.04,Total population,66534,22076
1400000U,17031825505,Census Tract 8255.05,Total population,63027,8862
1400000U,17031825600,Census Tract 8256,Total population,48133,6184
1400000U,17031825700,Census Tract 8257,Total population,50556,12403
1400000U,17031825801,Census Tract 8258.01,Total population,41918,11146
1400000U,17031825802,Census Tract 8258.02,Total population,62108,14241
1400000U,17031825803,Census Tract 8258.03,Total population,54835,10169
1400000U,17031825900,Census Tract 8259,Total population,56043,3147
1400000U,17031826000,Census Tract 8260,Total population,56952,13698
1400000U,17031826100,Census Tract 8261,Total population,52797,17519
1400000U,17031826201,Census Tract 8262.01,Total population,40684,12247
1400000U,17031826202,Census Tract 8262.02,Total population,44099,19299
1400000U,17031826301,Census Tract 8263.01,Total population,64615,12890
1400000U,17031826303,Census Tract 8263.03,Total population,58269,7313
1400000U,17031826304,Census Tract 8263.04,Total population,49830,20831
1400000U,17031826401,Census Tract 8264.01,Total population,51250,14052
1400000U,17031826402,Census Tract 8264.02,Total population,44826,15250
1400000U,17031826500,Census Tract 8265,Total population,46380,13164
1400000U,17031826600,Census Tract 8266,Total population,40729,4742
1400000U,17031826700,Census Tract 8267,Total population,34984,21355
1400000U,17031826800,Census Tract 8268,Total population,52658,10492
1400000U,17031826901,Census Tract 8269.01,Total population,27845,15971
1400000U,17031826902,Census Tract 8269.02,Total population,31544,9693
1400000U,17031827000,Census Tract 8270,Total population,40012,9322
1400000U,17031827100,Census Tract 8271,Total population,28942,13805
1400000U,17031827200,Census Tract 8272,Total population,52619,19353
1400000U,17031827300,Census Tract 8273,Total population,22269,6118
1400000U,17031827400,Census Tract 8274,Total population,30562,6546
1400000U,17031827500,Census Tract 8275,Total population,53036,13934
1400000U,17031827600,Census Tract 8276,Total population,41494,6595
1400000U,17031827700,Census Tract 8277,Total population,47569,8135
1400000U,17031827801,Census Tract 8278.01,Total population,70081,2817
1400000U,17031827802,Census Tract 8278.02,Total population,93036,21379
1400000U,17031827804,Census Tract 8278.04,Total population,61289,28209
1400000U,17031827805,Census Tract 8278.05,Total population,84345,19798
1400000U,17031827901,Census Tract 8279.01,Total population,94904,23308
1400000U,17031827902,Census Tract 8279.02,Total population,53878,8412
1400000U,17031828000,Census Tract 8280,Total population,61330,10344
1400000U,17031828100,Census Tract 8281,Total population,57304,17852
1400000U,17031828201,Census Tract 8282.01,Total population,69224,8938
1400000U,17031828202,Census Tract 8282.02,Total population,51658,16684
1400000U,17031828300,Census Tract 8283,Total population,56336,10674
1400000U,17031828401,Census Tract 8284.01,Total population,71958,11663
1400000U,17031828402,Census Tract 8284.02,Total population,46645,8988
1400000U,17031828503,Census Tract 8285.03,Total population,51972,17499
1400000U,17031828504,Census Tract 8285.04,Total population,47745,12528
1400000U,17031828505,Census Tract 8285.05,Total population,90387,16387
1400000U,17031828507,Census Tract 8285.07,Total population,86058,19688
1400000U,17031828508,Census Tract 8285.08,Total population,47692,13330
1400000U,17031828601,Census Tract 8286.01,Total population,88407,6842
1400000U,17031828602,Census Tract 8286.02,Total population,101205,7594
1400000U,17031828701,Census Tract 8287.01,Total population,64643,26562
1400000U,17031828702,Census Tract 8287.02,Total population,63811,14562
1400000U,17031828801,Census Tract 8288.01,Total population,104658,6476
1400000U,17031828802,Census Tract 8288.02,Total population,77932,7137
1400000U,17031828900,Census Tract 8289,Total population,61296,12645
1400000U,17031829000,Census Tract 8290,Total population,30333,13989
1400000U,17031829100,Census Tract 8291,Total population,32054,8172
1400000U,17031829200,Census Tract 8292,Total population,51884,5900
1400000U,17031829301,Census Tract 8293.01,Total population,82863,18191
1400000U,17031829302,Census Tract 8293.02,Total population,45369,17458
1400000U,17031829401,Census Tract 8294.01,Total population,33333,17208
1400000U,17031829402,Census Tract 8294.02,Total population,44922,13065
1400000U,17031829500,Census Tract 8295,Total population,45119,7243
1400000U,17031829600,Census Tract 8296,Total population,52969,10190
1400000U,17031829700,Census Tract 8297,Total population,43862,6273
1400000U,17031829800,Census Tract 8298,Total population,126462,26393
1400000U,17031829902,Census Tract 8299.02,Total population,82353,12543
1400000U,17031829903,Census Tract 8299.03,Total population,69016,26250
1400000U,17031829904,Census Tract 8299.04,Total population,77852,9440
1400000U,17031830001,Census Tract 8300.01,Total population,38197,11417
1400000U,17031830003,Census Tract 8300.03,Total population,101078,12811
1400000U,17031830004,Census Tract 8300.04,Total population,103333,8989
1400000U,17031830005,Census Tract 8300.05,Total population,92917,18285
1400000U,17031830006,Census Tract 8300.06,Total population,-,**
1400000U,17031830007,Census Tract 8300.07,Total population,56852,18605
1400000U,17031830008,Census Tract 8300.08,Total population,100260,17667
1400000U,17031830100,Census Tract 8301,Total population,91875,37914
1400000U,17031830201,Census Tract 8302.01,Total population,41250,22220
1400000U,17031830202,Census Tract 8302.02,Total population,77669,12273
1400000U,17031830300,Census Tract 8303,Total population,50224,14044
1400000U,17031830400,Census Tract 8304,Total population,55783,4856
1400000U,17031830500,Census Tract 8305,Total population,40736,8954
1400000U,17031830600,Census Tract 8306,Total population,59213,9634
1400000U,17031830700,Census Tract 8307,Total population,60432,9612
1400000U,17031830800,Census Tract 8308,Total population,79534,8732
1400000U,17031830900,Census Tract 8309,Total population,123083,18510
1400000U,17031831000,Census Tract 8310,Total population,161958,20949
1400000U,17031831100,Census Tract 8311,Total population,88217,15095
1400000U,17031831200,Census Tract 8312,Total population,48605,13280
1400000U,17031831300,Census Tract 8313,Total population,46208,15257
1400000U,17031831400,Census Tract 8314,Total population,35257,15642
1400000U,17031831500,Census Tract 8315,Total population,66447,16414
1400000U,17031831600,Census Tract 8316,Total population,51250,11280
1400000U,17031831700,Census Tract 8317,Total population,40353,20056
1400000U,17031831800,Census Tract 8318,Total population,68885,12202
1400000U,17031831900,Census Tract 8319,Total population,135354,22960
1400000U,17031832000,Census Tract 8320,Total population,126875,37179
1400000U,17031832100,Census Tract 8321,Total population,84016,21038
1400000U,17031832200,Census Tract 8322,Total population,136882,13388
1400000U,17031832300,Census Tract 8323,Total population,117015,16892
1400000U,17031832400,Census Tract 8324,Total population,122372,11059
1400000U,17031832500,Census Tract 8325,Total population,149000,45973
1400000U,17031832600,Census Tract 8326,Total population,187857,29835
1400000U,17031832900,Census Tract 8329,Total population,70022,16934
1400000U,17031833000,Census Tract 8330,Total population,172750,24268
1400000U,17031833100,Census Tract 8331,Total population,135313,34684
1400000U,17031833300,Census Tract 8333,Total population,69659,20374
1400000U,17031833900,Census Tract 8339,Total population,35822,12567
1400000U,17031834000,Census Tract 8340,Total population,36346,10469
1400000U,17031834200,Census Tract 8342,Total population,57994,13580
1400000U,17031834300,Census Tract 8343,Total population,56699,16461
1400000U,17031834400,Census Tract 8344,Total population,35093,32246
1400000U,17031834500,Census Tract 8345,Total population,34261,22562
1400000U,17031834600,Census Tract 8346,Total population,25000,8503
1400000U,17031834700,Census Tract 8347,Total population,24412,20266
1400000U,17031834800,Census Tract 8348,Total population,18973,2933
1400000U,17031834900,Census Tract 8349,Total population,16574,7608
1400000U,17031835000,Census Tract 8350,Total population,29966,8183
1400000U,17031835100,Census Tract 8351,Total population,43203,8392
1400000U,17031835200,Census Tract 8352,Total population,75750,37669
1400000U,17031835500,Census Tract 8355,Total population,17454,4864
1400000U,17031835800,Census Tract 8358,Total population,84904,16645
1400000U,17031836000,Census Tract 8360,Total population,71776,22007
1400000U,17031836100,Census Tract 8361,Total population,24306,8543
1400000U,17031836200,Census Tract 8362,Total population,137083,86458
1400000U,17031836300,Census Tract 8363,Total population,57643,18180
1400000U,17031836400,Census Tract 8364,Total population,26563,14632
1400000U,17031836500,Census Tract 8365,Total population,50208,10677
1400000U,17031836600,Census Tract 8366,Total population,61726,9116
1400000U,17031836700,Census Tract 8367,Total population,40060,20369
1400000U,17031836800,Census Tract 8368,Total population,17778,7096
1400000U,17031836900,Census Tract 8369,Total population,-,**
1400000U,17031837000,Census Tract 8370,Total population,34688,18030
1400000U,17031837100,Census Tract 8371,Total population,-,**
1400000U,17031837300,Census Tract 8373,Total population,18364,8699
1400000U,17031837400,Census Tract 8374,Total population,32284,14036
1400000U,17031837800,Census Tract 8378,Total population,58148,29189
1400000U,17031838000,Census Tract 8380,Total population,32833,19678
1400000U,17031838100,Census Tract 8381,Total population,15801,10157
1400000U,17031838200,Census Tract 8382,Total population,94464,35148
1400000U,17031838300,Census Tract 8383,Total population,92118,18401
1400000U,17031838600,Census Tract 8386,Total population,18976,3546
1400000U,17031838700,Census Tract 8387,Total population,26105,10786
1400000U,17031838800,Census Tract 8388,Total population,27143,6866
1400000U,17031839000,Census Tract 8390,Total population,103298,29288
1400000U,17031839100,Census Tract 8391,Total population,112257,12014
1400000U,17031839200,Census Tract 8392,Total population,40533,8651
1400000U,17031839500,Census Tract 8395,Total population,-,**
1400000U,17031839600,Census Tract 8396,Total population,59688,11932
1400000U,17031839700,Census Tract 8397,Total population,82670,12630
1400000U,17031839800,Census Tract 8398,Total population,71750,8980
1400000U,17031839900,Census Tract 8399,Total population,92759,24059
1400000U,17031840000,Census Tract 8400,Total population,99342,34294
1400000U,17031840100,Census Tract 8401,Total population,60042,7029
1400000U,17031840200,Census Tract 8402,Total population,42188,10983
1400000U,17031840300,Census Tract 8403,Total population,61131,19820
1400000U,17031840400,Census Tract 8404,Total population,66958,20404
1400000U,17031840700,Census Tract 8407,Total population,76629,19766
1400000U,17031840800,Census Tract 8408,Total population,43807,5623
1400000U,17031841000,Census Tract 8410,Total population,96000,46258
1400000U,17031841100,Census Tract 8411,Total population,39356,23885
1400000U,17031841200,Census Tract 8412,Total population,56667,3538
1400000U,17031841300,Census Tract 8413,Total population,52246,9934
1400000U,17031841500,Census Tract 8415,Total population,29250,5211
1400000U,17031841700,Census Tract 8417,Total population,17266,10072
1400000U,17031841800,Census Tract 8418,Total population,45256,19776
1400000U,17031841900,Census Tract 8419,Total population,120112,9490
1400000U,17031842000,Census Tract 8420,Total population,107000,35591
1400000U,17031842100,Census Tract 8421,Total population,45318,12024
1400000U,17031842200,Census Tract 8422,Total population,90078,16151
1400000U,17031842300,Census Tract 8423,Total population,156815,17861
1400000U,17031842400,Census Tract 8424,Total population,46723,25474
1400000U,17031842500,Census Tract 8425,Total population,23884,5917
1400000U,17031842600,Census Tract 8426,Total population,81712,10593
1400000U,17031842800,Census Tract 8428,Total population,39808,14469
1400000U,17031842900,Census Tract 8429,Total population,28125,19400
1400000U,17031843000,Census Tract 8430,Total population,22500,8764
1400000U,17031843100,Census Tract 8431,Total population,42656,8002
1400000U,17031843200,Census Tract 8432,Total population,58162,11192
1400000U,17031843300,Census Tract 8433,Total population,21583,10624
1400000U,17031843400,Census Tract 8434,Total population,34212,2136
1400000U,17031843500,Census Tract 8435,Total population,33906,28358
1400000U,17031843600,Census Tract 8436,Total population,50725,21860
1400000U,17031843700,Census Tract 8437,Total population,161739,43639
1400000U,17031843800,Census Tract 8438,Total population,29844,7456
1400000U,17031843900,Census Tract 8439,Total population,57682,21618
1400000U,17031844600,Census Tract 8446,Total population,67634,44136
1400000U,17031844700,Census Tract 8447,Total population,31898,10356
